ROW_ID,GENDER,WEALTH,LASTGIFT,AVGGIFT,DONOR,TOTAL
1,1,9,5,4.857142857,1,102
2,0,7,12,9.4,1,94
3,1,8,5,4.285714286,1,30
4,0,4,8,7.08,0,177
5,0,8,11,7.666666667,0,23
6,1,8,10,7.3,1,73
7,1,8,20,10.69230769,1,139
8,0,7,7,9.576923077,1,249
9,0,5,10,9,1,63
10,1,8,16,13,0,26
11,1,8,7,6,1,108
12,1,5,3,3.659090909,1,161
13,1,5,3,3.652173913,0,84
14,0,8,10,8,1,40
15,0,8,20,16.66666667,0,50
16,1,5,7,4.344827586,1,126
17,0,6,10,9.090909091,1,100
18,0,9,32,14.55555556,0,262
19,0,7,42,31.75,1,127
20,1,7,10,13.6,1,476
21,0,7,5,3.62962963,1,98
22,1,8,5,8.833333333,1,53
23,1,8,15,12.5,0,25
24,1,8,9,6.076923077,0,79
25,0,6,13,17.5,1,350
26,1,9,20,11.9,1,119
27,1,8,15,15,1,15
28,0,2,10,10.0625,1,161
29,1,8,15,8,0,32
30,1,4,15,13.46153846,1,175
31,0,2,14,8.454545455,0,186
32,1,4,20,9.444444444,1,85
33,0,8,10,5.166666667,1,31
34,1,8,10,3.590909091,0,79
35,0,8,10,8.75,0,35
36,1,8,10,5.944444444,0,107
37,1,8,5,4.722222222,1,85
38,0,8,13,13,0,39
39,1,8,10,5.6,0,28
40,0,8,10,10,0,40
41,1,8,2,2.260869565,1,52
42,0,8,13,11.75,0,47
43,0,8,16,13,1,26
44,1,0,5,6,1,90
45,0,8,12,10.66666667,0,32
46,0,5,11,9.727272727,0,107
47,0,0,25,12,1,204
48,0,8,10,6,1,42
49,0,8,20,14.8,1,74
50,1,1,6,4.344827586,1,126
51,0,5,15,13.71428571,1,288
52,1,8,5,6.5,0,39
53,0,8,13,11.71428571,1,82
54,1,3,15,11.66666667,0,35
55,1,9,15,8.2,0,82
56,1,5,7,6.461538462,0,84
57,0,3,5,4.7,1,94
58,1,7,15,9.55,1,191
59,1,1,15,8,1,88
60,1,8,6,7.6,1,38
61,0,8,12,11,1,66
62,1,4,11,9.3,1,93
63,1,8,15,15,0,15
64,0,8,15,13.4,0,67
65,0,8,50,16.33333333,0,98
66,0,9,10,11.5,0,115
67,1,1,5,6.5,0,91
68,1,8,7,7.333333333,1,22
69,1,8,25,14.38461539,1,187
70,0,8,7,6.857142857,0,48
71,1,8,14,10.3125,0,165
72,1,8,20,20,1,20
73,0,8,16,13,0,26
74,0,8,10,6.75,1,27
75,0,9,40,21.33333333,0,128
76,0,4,10,6.363636364,1,70
77,0,4,3,3.457142857,0,121
78,1,7,3,7.692307692,1,100
79,0,6,4,4.533333333,1,68
80,1,2,15,14.22222222,1,128
81,0,8,20,12.5,1,25
82,1,8,15,10,1,20
83,1,8,37,23,0,92
84,0,5,6,4.217391304,1,194
85,1,8,10,8.166666667,0,49
86,1,8,8,7.7,0,77
87,1,8,30,30,1,30
88,1,8,10,7.75,0,31
89,1,8,15,10,0,70
90,1,1,11,7.3,0,146
91,1,8,25,14,0,28
92,0,8,3,4.9,1,98
93,1,3,10,10.81818182,1,119
94,0,3,5,4.714285714,0,66
95,1,3,7,7.136363636,1,157
96,1,8,35,22.5,0,45
97,0,5,13,11.5,1,276
98,1,8,10,9.1,0,182
99,1,1,20,14,0,154
100,1,8,30,30,0,30
101,1,5,10,9.428571429,1,132
102,1,8,3,3.307692308,0,43
103,1,8,16,12,0,48
104,0,8,16,13,0,26
105,0,8,12,9,0,63
106,1,8,20,20,1,40
107,0,8,25,25,0,25
108,0,8,7,6,0,30
109,0,8,20,15,1,30
110,1,8,15,5.201612903,0,161.25
111,1,7,10,4.285714286,1,120
112,0,8,10,8.75,1,35
113,0,8,13,11.4,0,114
114,0,8,22,10.81818182,1,119
115,0,0,5,4.434782609,1,102
116,0,4,13,12.33333333,0,370
117,1,5,10,9.0625,1,145
118,0,9,7,6.181818182,1,204
119,0,5,15,13.38888889,1,241
120,1,0,50,25.33333333,0,304
121,0,8,19,12.2,1,61
122,1,8,10,5.111111111,1,46
123,1,8,6,4.857142857,0,34
124,1,8,20,20,1,20
125,1,0,50,30,0,150
126,1,8,16,12.5,1,50
127,1,5,10,6.4,0,64
128,1,8,5,3.7,0,37
129,0,8,11,8.230769231,0,214
130,0,8,25,25,0,25
131,1,8,20,10,0,70
132,1,6,6,7,0,140
133,1,9,10,6.266666667,1,94
134,0,8,12,11,0,44
135,0,8,15,10,0,20
136,0,8,20,20,1,20
137,1,4,16,12,0,36
138,1,8,8,7.25,0,29
139,0,8,10,8.8,0,44
140,1,1,5,5,0,205
141,1,8,21,20.2,0,101
142,0,8,6,5.181818182,1,114
143,0,2,12,8.333333333,1,50
144,0,6,11,9.6,0,48
145,1,8,15,12.5,1,50
146,1,3,6,5.666666667,1,119
147,1,7,35,23,0,115
148,0,8,20,20,1,20
149,1,9,20,15.75,0,189
150,1,8,5,5.055555556,1,91
151,1,8,7,6,0,36
152,0,5,4,6.764705882,0,115
153,1,8,5,7.625,0,183
154,0,8,6,3.722222222,1,67
155,0,7,5,5.12,1,128
156,0,4,10,5.403846154,1,140.5
157,1,8,5,3.727272727,1,41
158,0,8,5,5.666666667,1,68
159,1,5,5,4.076923077,0,159
160,0,9,10,6.098901099,1,555
161,0,8,12,8.666666667,1,104
162,0,8,22,21,0,42
163,0,3,9,6.411764706,0,109
164,0,5,6,6.166666667,1,74
165,1,8,8,7.2,0,36
166,0,8,10,9.222222222,0,83
167,1,8,16,13,0,26
168,0,8,15,10.09090909,1,111
169,1,8,25,22.5,0,90
170,1,8,15,10.42857143,0,73
171,1,3,5,6.473684211,0,123
172,1,4,5,3.613636364,1,159
173,0,1,10,6.919354839,1,214.5
174,1,0,13,10.07894737,0,383
175,0,5,5,4.151515152,0,137
176,0,7,15,10.57692308,1,275
177,1,8,20,20,1,20
178,0,8,6,5,0,70
179,0,6,10,11.5,0,184
180,0,3,10,8.4,0,126
181,1,4,12,6.846153846,1,89
182,0,9,4,3.380952381,0,71
183,1,9,7,3.857142857,1,81
184,1,5,10,7.764705882,0,132
185,0,4,5,5.071428571,1,213
186,0,8,12,11.33333333,1,34
187,0,6,8,7.176470588,0,122
188,1,8,16,13,0,26
189,0,8,20,20,1,20
190,0,1,15,9.142857143,0,64
191,1,3,5,4.473684211,1,85
192,0,8,15,6.552631579,0,124.5
193,0,8,20,15,0,30
194,1,8,7,8,1,64
195,1,2,5,8.888888889,0,80
196,1,8,10,6.3125,0,101
197,1,8,20,13.95652174,0,321
198,1,5,15,15.25,0,122
199,1,8,10,6.736842105,0,128
200,1,8,10,11.55555556,1,104
201,1,9,22,17.18181818,1,189
202,0,8,20,12.5,1,25
203,1,0,10,11.2,0,112
204,0,1,16,9.230769231,0,120
205,0,8,32,32.33333333,1,97
206,1,8,13,8.133333333,1,122
207,0,8,20,20,0,20
208,1,8,12,10.66666667,0,32
209,1,7,10,8.571428571,0,180
210,0,4,10,11.21052632,0,213
211,1,8,32,25.25,0,101
212,1,8,18,15.77777778,1,142
213,0,6,12,7.888888889,0,71
214,0,8,7,5.466666667,1,82
215,0,6,15,14.6,0,73
216,0,8,10,11.66666667,0,35
217,1,8,6,4.4,1,44
218,0,3,10,8.0625,0,129
219,1,8,25,17.4,0,174
220,0,8,7,5.5,1,44
221,0,8,10,10,0,50
222,0,4,12,8.666666667,0,52
223,0,8,10,7.285714286,1,51
224,1,2,5,6.538461539,1,85
225,0,5,20,11.83333333,1,142
226,0,8,5,6.210526316,0,118
227,1,5,5,5.279069767,1,227
228,0,2,10,7,0,63
229,0,8,8,5.875,0,47
230,1,8,15,10,0,20
231,1,8,7,7,1,28
232,0,1,10,10.5,0,189
233,0,4,16,9.684210526,0,184
234,1,6,15,9,0,180
235,1,9,10,14,0,70
236,1,8,10,7.2,0,36
237,0,3,20,26.25,1,315
238,1,8,16,12,1,36
239,0,5,0,15.71428571,0,110
240,1,4,20,13.16666667,1,79
241,1,8,100,75,0,150
242,1,8,20,12.5,0,25
243,0,8,6,9.6,0,96
244,1,6,10,9.222222222,0,166
245,0,8,20,15,1,60
246,1,9,25,21.69230769,1,282
247,0,8,20,11.66666667,0,35
248,1,4,16,14.33333333,0,172
249,1,7,5,8.916666667,1,214
250,0,7,13,12.6,1,378
251,1,4,7,8.190476191,0,172
252,0,8,15,11.66666667,0,35
253,1,8,7,3.833333333,0,69
254,0,1,6,5.5,1,88
255,0,8,25,25,0,25
256,0,8,7,9,0,27
257,0,9,20,15.13636364,0,333
258,1,8,11,9.444444444,0,170
259,1,1,5,6.04,1,151
260,1,8,15,12.5,0,25
261,1,8,20,15,0,30
262,1,4,15,14,0,70
263,0,8,20,13.75,0,55
264,1,6,14,9.2,1,138
265,1,7,10,7.038461539,1,183
266,1,5,12,8.043478261,1,185
267,0,5,12,6.066666667,0,182
268,1,8,10,6.4,1,32
269,1,8,16,15.33333333,0,46
270,1,8,10,4.857142857,0,68
271,0,3,5,3.782608696,1,87
272,1,0,13,9.462962963,1,511
273,0,8,10,9.666666667,0,87
274,0,8,10,8,0,80
275,0,8,17,16.33333333,1,49
276,0,0,12,10.3,0,103
277,1,0,3,3.3125,1,53
278,1,8,4,3.4,0,34
279,0,9,20,12.83333333,0,77
280,1,7,10,11.25,1,180
281,1,8,7,7.333333333,1,22
282,0,6,11,7.466666667,1,112
283,1,8,4,4.090909091,1,45
284,1,8,5,4,0,28
285,1,8,6,3.857142857,1,54
286,1,8,6,3.15,0,63
287,1,1,8,8.52173913,0,196
288,0,8,15,15.66666667,1,141
289,0,2,12,8.125,0,65
290,0,8,15,11.85714286,1,83
291,1,8,12,12.25,0,49
292,1,3,25,15.2173913,1,350
293,0,8,6,5.8,1,29
294,0,8,10,10,1,40
295,0,8,10,15.51428571,0,543
296,0,8,20,20,0,20
297,1,4,15,6.6,0,66
298,0,8,10,8.75,1,35
299,0,8,25,25,0,25
300,0,9,15,11.1,1,222
301,1,8,5,5.166666667,1,31
302,0,8,24,11.33333333,1,102
303,1,9,10,6,1,150
304,0,4,15,11.42857143,1,80
305,0,8,7,6.333333333,1,95
306,1,4,12,9.615384615,0,125
307,1,8,7,6.1,0,122
308,0,8,20,20,0,20
309,0,8,14,9.47125,1,75.77
310,1,7,25,19.22222222,0,346
311,1,9,15,14.64705882,0,249
312,0,1,12,10,0,80
313,1,8,15,20,1,220
314,0,0,5,4.923076923,1,192
315,0,6,14,11.94444444,1,215
316,0,7,10,9.1875,1,147
317,1,3,7,5.947368421,0,226
318,1,8,50,35,1,70
319,0,8,5,4.833333333,1,29
320,0,8,5,5,0,40
321,1,1,15,9.857142857,1,69
322,1,1,15,8.076923077,1,105
323,0,6,15,14.16666667,0,85
324,1,5,20,13.63636364,1,150
325,1,6,11,9.0625,1,435
326,1,8,14,13.6,0,68
327,1,2,10,8,1,112
328,0,9,40,23.66666667,1,142
329,1,4,10,6.352941177,1,108
330,0,3,10,11.57142857,0,81
331,0,7,15,13.71428571,1,96
332,1,8,15,13.66666667,0,82
333,0,8,7,6,1,30
334,1,8,21,11,0,143
335,1,8,3,3.176470588,0,54
336,1,4,15,7.833333333,1,94
337,1,2,15,9.269230769,1,241
338,1,8,15,11.18918919,1,414
339,1,8,25,13,0,65
340,1,3,28,17.88888889,1,161
341,0,3,10,9.333333333,0,196
342,1,8,15,8.666666667,1,26
343,0,8,20,20,1,20
344,1,8,10,12,0,36
345,0,9,50,36.25,0,290
346,0,3,12,9.421052632,0,179
347,0,8,7,7.333333333,0,44
348,1,8,15,10,0,20
349,0,7,23,16.27272727,1,179
350,0,8,15,9,0,45
351,1,8,10,7,0,35
352,1,8,3,3.619047619,0,76
353,1,9,3,4.222222222,1,76
354,1,8,5,6.25,0,25
355,0,8,7,6.6,1,33
356,0,4,10,9.75862069,1,283
357,0,8,6,12.2,0,122
358,0,6,15,11.25,0,90
359,0,8,4,6,0,66
360,1,8,20,20,1,40
361,0,8,10,9,1,36
362,1,8,5,4.444444444,0,40
363,1,4,20,8.8,0,352
364,1,8,15,15,0,15
365,1,8,15,15,1,15
366,0,6,15,13.57142857,0,190
367,1,8,3,3.5,0,28
368,0,2,20,13.33333333,0,40
369,0,6,15,15.4,0,231
370,1,8,15,12.75,0,51
371,1,8,5,5.846153846,1,76
372,0,8,20,16,1,48
373,1,8,15,15,1,45
374,1,8,10,10,0,50
375,0,4,12,8.916666667,1,107
376,0,8,20,12.5,0,50
377,1,7,15,10.81818182,1,119
378,1,5,10,9.666666667,1,58
379,0,6,10,8.461538462,0,110
380,0,3,26,14.07692308,1,183
381,1,7,15,12,0,60
382,1,0,11,7.818181818,1,86
383,1,7,3,7.714285714,0,54
384,0,8,25,25,0,25
385,1,2,20,13.16216216,0,487
386,1,8,25,22.5,1,45
387,0,8,10,5.8,0,29
388,0,6,18,11.3125,1,181
389,1,9,20,13.73333333,0,206
390,0,8,16,11.46153846,1,149
391,1,0,15,6.068965517,0,176
392,1,8,6,5.086956522,0,117
393,1,0,10,9.875,0,237
394,1,8,10,6.615384615,0,86
395,0,8,4,4.272727273,0,47
396,1,8,8,5,1,30
397,0,8,15,12.5,1,25
398,1,5,10,10,1,280
399,1,2,10,7.214285714,1,101
400,1,2,3,7.866666667,0,236
401,0,8,16,12,0,144
402,0,8,20,12.05555556,1,217
403,0,8,12,7.444444444,1,67
404,1,1,14,8.684210526,0,165
405,0,4,5,4.318181818,0,95
406,1,9,15,11.54545455,1,254
407,1,8,2,3.3,0,33
408,1,8,3,5.142857143,1,36
409,0,8,10,7.857142857,1,55
410,0,1,4,4.8,0,48
411,1,8,7,6,1,54
412,1,8,16,13,0,52
413,1,8,22,11.8,0,59
414,1,0,20,16.45454546,0,181
415,1,8,16,13,0,26
416,1,8,5,4.777777778,1,43
417,1,7,10,4.571428571,1,64
418,1,9,5,3.941176471,0,67
419,1,0,3,3.035714286,1,85
420,0,8,10,7.333333333,1,22
421,1,6,10,7.84375,1,125.5
422,0,8,7,5.5,0,33
423,1,8,10,7.222222222,0,195
424,0,4,25,17.5,0,70
425,1,8,25,24,1,120
426,1,5,10,8.444444444,0,76
427,1,1,12,9.909090909,0,109
428,1,2,20,10.75,0,129
429,1,8,5,5.8,1,29
430,1,9,16,12.80769231,1,333
431,1,8,25,16.28571429,0,114
432,0,8,15,14.86666667,1,223
433,0,0,10,7.7,0,77
434,1,4,6,5.9375,1,190
435,1,8,20,12.5,0,25
436,1,8,5,15,1,45
437,1,8,3,4,1,44
438,1,3,10,6.058823529,0,103
439,1,8,20,16.66666667,0,50
440,1,5,11,8,0,136
441,1,8,6,6.6,1,132
442,0,7,20,11.90909091,0,131
443,1,9,35,22.38095238,1,470
444,1,8,13,9.8,0,49
445,0,8,10,7.8,0,78
446,1,0,20,13.75,0,110
447,0,7,15,12.92307692,1,168
448,1,1,10,9.4,0,94
449,1,8,5,8.642857143,1,121
450,0,8,10,10.71428571,1,75
451,0,6,25,15.0625,1,241
452,0,5,5,4.272727273,1,47
453,1,3,10,6.2,0,62
454,1,8,10,5.5,1,22
455,1,8,5,6.625,0,53
456,1,8,5,7,0,35
457,0,9,3,3.106060606,1,102.5
458,1,8,25,9.482758621,0,275
459,0,8,20,20,1,40
460,0,8,6,3.818181818,1,42
461,1,0,10,7.043478261,0,162
462,0,4,15,8.7,0,87
463,1,1,10,7.111111111,0,384
464,1,8,15,15,0,15
465,0,8,10,7.428571429,0,52
466,1,8,25,25,1,25
467,0,8,7,6.166666667,0,37
468,0,8,6,4.5,1,54
469,0,8,4,5,1,205
470,1,1,50,22.17391304,0,510
471,1,4,30,13,1,130
472,0,3,10,11.85714286,0,166
473,1,8,12,10.66666667,0,32
474,1,8,5,8.333333333,1,25
475,1,8,10,10.5,0,63
476,0,8,15,15,1,15
477,0,5,25,19.2,0,288
478,1,8,4,3.411764706,1,58
479,0,8,6,6.6,1,33
480,1,8,8,7,1,35
481,0,8,13,13.25,1,159
482,1,8,9,7.2,1,36
483,0,8,25,17.5,0,35
484,1,8,19,13.42857143,1,282
485,1,8,7,7.666666667,1,23
486,1,8,15,17.5,0,70
487,1,1,10,7.571428571,1,159
488,1,8,10,6.3,0,63
489,0,8,15,12.015,0,24.03
490,1,4,25,18.6,0,186
491,0,4,20,16.05555556,0,289
492,1,5,5,6.1,1,122
493,1,8,16,8.666666667,0,26
494,1,3,20,23.5,0,235
495,1,0,3,4.761904762,0,100
496,1,2,50,18.18181818,0,200
497,1,8,7,3.75,1,45
498,1,8,3,3.727272727,1,41
499,0,8,17,10.7,1,214
500,0,1,20,14.3,0,143
501,0,8,6,4.363636364,0,48
502,1,9,50,30.75,1,246
503,0,8,20,15,1,30
504,1,9,17,12.82352941,0,218
505,1,1,6,5.611111111,1,101
506,1,8,10,7,0,98
507,0,8,10,7.4,0,111
508,1,9,5,6.625,0,159
509,0,9,27,22.25,1,89
510,0,8,6,4.590909091,1,101
511,0,8,6,7,0,35
512,0,8,10,10,1,30
513,0,8,20,13.33333333,0,40
514,1,8,20,10.2,0,51
515,1,8,1,6.666666667,0,40
516,1,1,10,8.434782609,1,194
517,0,3,15,11.85714286,1,83
518,1,1,10,7.291666667,0,175
519,1,8,10,7.833333333,1,47
520,0,8,10,8,0,32
521,0,8,20,12.86956522,0,296
522,1,9,20,19,0,152
523,0,4,5,4.842105263,1,92
524,0,5,15,9.4,0,94
525,1,1,5,7.75,1,279
526,1,4,18,10.11111111,0,91
527,0,8,15,15,1,15
528,0,7,21,17.44444444,0,157
529,1,8,10,8.5,0,68
530,0,7,25,19.47058824,1,331
531,1,8,7,4.888888889,0,44
532,0,8,15,10,1,20
533,0,8,8,6.4,0,32
534,0,2,8,7.823529412,1,266
535,0,5,10,9.647058824,0,164
536,1,6,25,19.59090909,0,431
537,1,5,19,12.85714286,1,90
538,0,8,5,3.113636364,0,137
539,0,8,14,8.75,1,35
540,0,6,5,9.181818182,0,202
541,0,3,50,23.6,0,118
542,1,4,10,8.0625,0,129
543,1,3,5,5.333333333,1,80
544,1,8,4,4.5625,0,73
545,0,8,25,25,0,25
546,1,8,10,6.25,1,50
547,0,7,16,10.33333333,0,31
548,1,8,3,2.914893617,0,137
549,1,8,4,4.272727273,0,47
550,1,7,19,10.62921348,1,946
551,1,8,8,10.2,0,51
552,0,7,35,31.36363636,0,345
553,1,4,20,10.75,1,172
554,1,8,10,8,1,48
555,1,8,20,11,0,88
556,1,8,15,13.66666667,1,41
557,1,7,10,4.576923077,1,119
558,1,7,5,5.375,1,86
559,1,8,10,10,1,30
560,0,8,10,8.8,0,44
561,1,1,10,7,1,49
562,0,8,5,5,0,50
563,0,8,25,23.33333333,0,70
564,1,8,3,3.642857143,1,51
565,1,8,25,20.75,0,83
566,0,8,15,15,0,15
567,1,8,8,7.428571429,1,52
568,1,8,5,5.333333333,0,32
569,1,3,10,6.8,1,68
570,1,6,3,4.619047619,0,97
571,1,2,5,2.445945946,1,90.5
572,1,8,7,7.333333333,1,22
573,1,8,16,10.5,0,21
574,1,1,10,6,1,120
575,0,9,13,11.22727273,1,247
576,0,8,5,5.5,0,44
577,1,2,11,8.864864865,1,328
578,1,8,10,6.666666667,1,20
579,0,2,25,10,0,60
580,1,8,0,10,0,60
581,0,8,15,11.66666667,1,35
582,0,5,20,13,1,65
583,1,8,7,6,0,30
584,1,8,10,7.666666667,1,46
585,1,8,10,7.777777778,0,70
586,0,1,10,11.68421053,0,222
587,1,8,20,13.33333333,0,40
588,0,8,25,22.5,1,45
589,0,0,10,7.272727273,0,80
590,0,8,5,5,0,60
591,0,8,20,12,0,60
592,0,8,10,6.25,0,25
593,0,5,15,9.833333333,0,59
594,1,7,16,10.85714286,0,76
595,0,8,10,8.142857143,1,57
596,0,8,50,50,0,50
597,1,9,5,7.333333333,1,110
598,1,8,7,4.272727273,1,47
599,0,4,25,11,0,66
600,0,9,20,17.66666667,0,106
601,1,8,5,3.55,1,71
602,0,8,20,11.66666667,1,35
603,1,7,25,20.5,0,82
604,1,2,10,5.615384615,1,73
605,1,8,25,25,0,25
606,1,8,5,5.357142857,1,75
607,0,8,7,6.75,1,27
608,0,8,6,13.83333333,0,83
609,1,8,7,5.125,0,41
610,1,8,15,7.3,1,73
611,1,8,15,7.666666667,0,23
612,1,8,15,10,0,20
613,0,7,25,13.15789474,0,250
614,0,1,12,8.454545455,1,93
615,1,8,25,10.5,0,63
616,0,5,15,12,0,48
617,1,0,11,8.307692308,0,108
618,0,5,5,6.5,1,104
619,0,8,10,12.5,0,25
620,1,4,14,9.916666667,0,119
621,1,8,8,6.590909091,1,145
622,1,8,5,4.590909091,0,50.5
623,1,8,38,31.6,0,158
624,1,8,10,7.75,1,62
625,1,8,9,7.5,0,90
626,0,5,20,11.90909091,0,131
627,1,8,20,15,0,30
628,0,3,10,5.636363636,1,186
629,0,3,50,35.3,0,353
630,0,9,20,8.857142857,0,124
631,1,5,13,9.083333333,0,109
632,0,8,50,50,1,50
633,1,2,10,7.444444444,1,201
634,0,3,15,9.294117647,0,158
635,1,8,5,4.6,1,46
636,0,8,4,5.142857143,1,36
637,0,8,20,18.75,1,75
638,0,5,5,3.666666667,0,55
639,1,8,11,11.4,1,57
640,0,8,15,12.5,1,25
641,1,8,8,5.166666667,0,155
642,1,8,9,9,1,45
643,0,1,15,12.85714286,1,90
644,0,8,15,13.75,0,55
645,0,8,15,15,0,15
646,1,8,10,10.70588235,1,182
647,0,9,10,7.6875,1,123
648,0,9,25,18,0,90
649,1,8,20,15,1,45
650,0,5,4,6.189189189,1,229
651,0,8,16,13,0,26
652,0,8,10,6.727272727,1,74
653,1,7,5,4.714285714,1,66
654,0,8,10,4.722222222,1,85
655,1,7,20,10.375,0,83
656,1,1,36,17.83333333,0,107
657,1,8,13,10.44444444,1,94
658,1,4,15,14.4,0,144
659,1,8,20,20,1,20
660,1,2,15,11.5,0,69
661,1,8,5,6,1,60
662,1,8,5,4.285714286,1,30
663,1,9,15,12.5,0,125
664,1,8,3,4,1,40
665,0,9,25,14.625,1,234
666,0,7,20,12.30769231,1,160
667,1,8,25,19,0,95
668,1,8,5,4.857142857,1,34
669,1,8,10,7.181818182,0,79
670,1,2,7,5.823529412,0,99
671,1,6,5,5,1,55
672,1,2,13,9.923076923,1,129
673,1,5,4,3.011111111,0,135.5
674,0,8,15,15,0,15
675,1,7,10,5.235294118,1,89
676,1,8,10,9.857142857,1,69
677,1,5,10,5.484848485,1,181
678,0,4,11,8.266666667,1,124
679,1,8,5,4.1,1,41
680,1,8,9,8,1,24
681,1,2,10,6.875,1,110
682,1,0,10,5.75,0,69
683,1,8,15,10,0,20
684,1,8,15,11.66666667,0,35
685,1,9,10,5.785714286,1,81
686,1,7,15,13.125,1,105
687,0,8,5,3.461538462,1,45
688,1,7,10,10.8,1,108
689,0,7,20,12.5,0,50
690,0,8,7,3.642857143,1,51
691,0,7,7,8.842105263,0,168
692,0,8,25,25,1,25
693,0,4,15,12.30769231,0,160
694,1,8,6,5.571428571,1,78
695,1,2,20,19.375,0,310
696,1,2,15,11.53333333,1,346
697,1,8,6,5.037037037,0,136
698,0,8,1,4,1,36
699,1,8,8,7.923076923,1,103
700,1,0,16,9,0,36
701,0,3,12,11.4,0,114
702,1,6,4,4.958333333,1,119
703,1,8,25,25,1,25
704,1,8,21,7.916666667,0,95
705,0,8,7,5.8,1,29
706,1,8,10,8.125,1,65
707,1,8,9,7.25,1,29
708,1,5,10,7.9,0,158
709,0,4,5,5,1,105
710,0,8,10,8,0,32
711,0,8,5,4.590909091,1,101
712,0,2,9,9.076923077,0,118
713,0,7,12,11.1,0,111
714,1,8,10,11.25,1,45
715,1,7,10,7.785714286,1,218
716,0,4,15,11.57142857,0,81
717,0,8,20,20,0,20
718,0,4,10,12,0,84
719,1,8,9,7.75,0,31
720,1,9,20,11.25,0,45
721,0,8,8,8.461538462,1,110
722,1,8,11,9.5,0,95
723,0,8,4,10.2,0,51
724,0,9,5,4.285714286,1,60
725,1,5,14,8.565217391,1,197
726,1,7,2,3.454545455,0,38
727,1,1,5,4.838709677,1,150
728,0,5,10,7.5,0,135
729,1,3,10,8.538461539,0,111
730,1,8,10,8.857142857,0,62
731,0,8,20,14,0,28
732,1,8,11,13.66666667,0,41
733,1,8,5,5.444444444,1,49
734,0,8,10,8,1,32
735,1,2,10,4.269230769,0,111
736,1,0,10,5.655172414,1,164
737,0,9,50,38,0,570
738,1,8,17,8.166666667,1,49
739,1,4,10,10.77777778,0,97
740,0,8,6,5,1,55
741,1,8,10,5.142857143,0,36
742,1,9,10,8.230769231,1,107
743,0,3,10,7.56097561,0,310
744,1,8,2.5,4.975555556,0,44.78
745,1,1,7,6.333333333,0,95
746,1,8,10,5.625,1,45
747,0,6,15,12,0,168
748,1,3,10,8.4,0,42
749,0,5,15,11,1,143
750,1,0,19,13.875,1,222
751,1,8,20,16.8,0,84
752,1,8,10,13.33333333,1,40
753,0,6,20,24.11538462,1,627
754,1,3,5,2.588235294,1,88
755,1,7,10,9.071428571,1,127
756,1,8,20,8.75,0,35
757,1,8,9,8.388888889,0,151
758,1,9,40,42.08333333,1,505
759,1,7,10,7.826086957,1,180
760,1,8,20,20,0,40
761,0,1,6,5.5,1,55
762,1,4,20,9.888888889,0,178
763,1,8,10,7.8,1,39
764,0,8,8,10,1,40
765,1,8,5,3.190476191,0,67
766,0,8,6,5.8,0,87
767,1,8,20,13.33333333,0,40
768,1,8,5,4.476190476,1,94
769,1,8,20,20,1,40
770,0,8,5,6.125,0,49
771,1,8,18,21,0,210
772,1,8,5,5.583333333,0,67
773,0,4,20,16.75,1,134
774,0,9,10,9.125,1,219
775,1,8,10,13.33333333,0,40
776,1,5,5,5.533333333,0,83
777,0,1,2,2.463414634,1,101
778,1,8,15,9.4,1,47
779,1,2,10,9.6875,1,155
780,1,8,10,9.25,0,37
781,1,2,9,5.766666667,0,173
782,0,3,5,4.2,1,84
783,1,8,20,15.2,0,228
784,1,8,5,6.25,1,25
785,1,8,15,10,1,30
786,1,8,15,12.83333333,1,77
787,1,8,5,4.142857143,1,29
788,0,7,20,21.875,1,175
789,1,5,6,5.052631579,1,96
790,1,8,7,7.333333333,0,22
791,1,4,10,2.636363636,1,58
792,0,8,20,20,0,20
793,0,0,100,85,0,425
794,1,4,10,14.375,0,115
795,1,6,3,3.52173913,0,81
796,1,8,20,17.5,0,35
797,0,0,10,6.846153846,0,178
798,1,1,15,14.28571429,1,100
799,0,0,15,12.66666667,0,114
800,1,0,10,10.6,0,53
801,1,8,100,66.66666667,0,200
802,0,8,20,9,0,54
803,1,8,13,7,1,84
804,1,2,10,9.111111111,1,82
805,1,8,6,5.222222222,1,47
806,1,9,17,15.4,0,77
807,1,8,10,9,0,36
808,1,7,7,6.5625,1,105
809,0,8,15,15,0,15
810,1,8,7,6.2,1,31
811,0,5,5,3.894736842,0,74
812,0,8,7,7.333333333,0,22
813,1,0,15,10.75,0,86
814,1,8,13,9.714285714,1,68
815,1,0,5,3.8125,1,122
816,0,4,14,10.90625,0,349
817,1,8,20,20,1,20
818,0,8,6,6.25,0,50
819,0,8,12,8.5,0,136
820,1,8,3,8,1,72
821,0,1,20,18.14285714,0,127
822,0,2,9,8.833333333,1,53
823,1,6,21,15.25,0,244
824,1,8,11,9,1,63
825,1,9,10,10.96818182,1,120.65
826,1,9,20,9.5,0,76
827,0,1,9,8.611111111,0,155
828,0,9,15,9.631578947,1,183
829,1,8,25,19.16666667,0,115
830,1,8,15,15,1,15
831,0,1,20,12.53333333,1,188
832,0,8,7,7.230769231,1,94
833,1,2,25,21.25,0,170
834,1,8,12,9.5,1,76
835,0,8,10,11.07142857,0,155
836,0,7,13,8.333333333,0,100
837,1,8,7,5,0,80
838,1,1,15,5.194444444,1,93.5
839,0,2,20,16.625,0,133
840,1,8,15,8.555555556,1,77
841,1,8,10,8.5,1,51
842,1,8,5,5.285714286,1,37
843,1,1,5,4.791666667,0,115
844,0,6,12,8.5,1,170
845,1,8,5,4.4,1,110
846,1,3,5,7.612903226,0,236
847,0,8,16,13,0,26
848,1,8,11,8.333333333,1,25
849,0,3,5,10,1,50
850,1,7,15,10.4,1,52
851,0,9,25,15,0,60
852,1,4,12,9,1,63
853,1,4,20,17.09090909,1,188
854,1,8,3,4.125,1,33
855,0,8,20,20,0,20
856,0,8,20,12,0,36
857,1,4,15,15,1,45
858,1,3,5,5.111111111,0,92
859,0,8,50,50,0,50
860,0,8,10,8.75,0,35
861,0,8,50,22.5,1,225
862,1,8,9,7.428571429,1,208
863,1,8,7,3.8,1,57
864,0,8,27,24.75,0,99
865,1,8,6,6.5,1,52
866,0,8,15,10.5,0,105
867,1,3,21,12,0,72
868,1,8,5,4.9,0,49
869,1,5,20,16.55555556,0,447
870,1,8,10,12.28571429,1,86
871,0,7,10,7.375,1,118
872,1,5,8,6.588235294,1,112
873,1,8,15,11.75,0,94
874,0,8,10,10.2,0,204
875,0,8,15,10,1,20
876,1,8,50,37.5,0,75
877,1,8,5,4.25,1,34
878,0,7,14,10.6,0,106
879,1,7,14,10.61904762,0,223
880,1,0,6,4.863636364,1,107
881,1,8,10,7.583333333,1,91
882,1,9,20,15,1,75
883,1,8,3,2.883333333,1,43.25
884,0,4,10,6.615384615,0,86
885,1,8,15,10.33333333,0,31
886,1,5,10,8.090909091,0,89
887,0,6,6,5.5,1,44
888,0,1,10,6.25,1,75
889,0,8,12,11.33333333,1,34
890,0,7,4,4.105769231,1,106.75
891,0,6,32,17.66666667,1,159
892,0,6,5,5.608695652,0,129
893,1,8,9,9,0,36
894,1,7,6,12.9,1,129
895,1,0,5,4.302325581,1,185
896,1,8,7,5.25,1,42
897,1,8,20,11,0,33
898,1,8,15,14.33333333,0,86
899,1,5,10,6.5625,0,105
900,0,3,17,11.875,0,95
901,1,8,25,15,0,30
902,1,2,20,11.26666667,1,169
903,1,8,5,5.05,1,101
904,1,3,15,10,1,50
905,1,8,24,12.5,1,250
906,1,8,15,15.375,0,123
907,1,5,5,5.272727273,1,174
908,1,8,35,27.5,0,55
909,1,0,14,8.058823529,1,137
910,1,8,20,10.55172414,1,306
911,1,5,20,12.66666667,1,152
912,0,3,10,8.473684211,1,161
913,1,8,15,15,0,15
914,1,3,10,12.92857143,1,181
915,1,7,10,8.25,0,99
916,1,8,10,4.833333333,0,87
917,0,8,20,10,1,50
918,0,4,11,8.615384615,1,112
919,1,8,6,6.5,1,26
920,1,2,25,18.2,0,91
921,1,8,10,8.75,0,35
922,1,8,10,8.5,0,34
923,0,8,3,3.35516129,1,104.01
924,1,8,7,6.2,0,31
925,1,8,20,15.33333333,1,46
926,1,8,16,13.5,1,108
927,0,8,10,5,1,50
928,0,8,15,12.14285714,1,85
929,1,2,10,9.153846154,0,119
930,0,0,5,4,1,96
931,1,0,5,3.0625,1,98
932,1,5,8,6.357142857,1,89
933,1,8,5,4.142857143,1,29
934,1,8,16,11,0,187
935,1,8,15,13.2,1,66
936,1,8,8,6.111111111,1,55
937,1,8,8,6.153846154,1,80
938,0,5,20,13.18181818,0,145
939,1,0,5,2.138888889,0,77
940,1,2,15,11.33333333,1,102
941,1,8,6,4.3125,1,69
942,1,8,14,11.6,0,116
943,0,8,25,25,0,25
944,0,8,15,12.2,0,61
945,1,8,3,3.444444444,1,31
946,1,3,50,37.2,1,186
947,1,6,8,7.6875,1,123
948,1,5,8,9.517241379,1,276
949,0,8,32,15.66666667,1,47
950,0,8,10,6.5,0,104
951,0,8,20,11.85714286,1,83
952,1,8,7,6.466666667,1,97
953,1,8,5,9.8,0,49
954,0,8,13,5.375,0,21.5
955,0,8,6,4.571428571,0,32
956,0,8,6,6.58974359,0,257
957,1,8,7,5.833333333,1,70
958,0,5,10,10,0,110
959,0,6,7,5.95945946,1,220.5
960,0,1,11,8.166666667,0,196
961,1,8,8,5.916666667,0,71
962,0,2,5,4.692307692,0,122
963,1,5,15,16.76923077,0,218
964,0,8,10,5.3,1,106
965,0,8,20,15.33333333,1,92
966,0,2,3,5.666666667,0,102
967,1,6,12,8.578947368,1,163
968,0,9,10,7.076923077,1,92
969,1,8,7,6.84375,1,219
970,0,7,25,16.5,1,132
971,1,8,3,3.444444444,1,31
972,1,9,15,16.83333333,0,101
973,1,8,5,6.4,1,32
974,1,6,5,8.0625,1,129
975,0,1,6,5.837209302,0,251
976,0,8,12,4.416666667,1,53
977,0,0,31,26.57142857,1,186
978,1,4,10,7.7,0,77
979,0,2,7,5.1,1,153
980,1,8,9,9.071428571,1,127
981,1,8,9,5.862142857,0,246.21
982,0,8,6,5.5,1,33
983,0,8,15,10,1,20
984,1,8,15,15,0,15
985,0,7,15,14.75,0,118
986,1,8,10,5.4,0,54
987,1,8,16,9,1,135
988,1,4,15,11,0,121
989,1,8,4,4.888888889,0,44
990,1,0,10,12.4,0,682
991,0,3,12,12.66666667,1,152
992,1,3,15,14.07142857,1,197
993,1,9,20,14.5,1,58
994,1,6,4,3.4,0,68
995,0,7,17,13.4,0,67
996,0,3,8,6.3125,1,202
997,1,0,5,4.5,1,99
998,1,8,15,8.384615385,0,109
999,1,6,10,6.842105263,0,130
1000,0,8,20,8.230769231,0,107
1001,0,8,17,15.66666667,0,94
1002,1,9,60,8.887714286,1,311.07
1003,1,8,5,4.5,1,81
1004,1,8,5,4.4,0,66
1005,1,8,12,10.66666667,1,64
1006,0,8,10,8,0,32
1007,1,8,10,8.666666667,1,52
1008,1,3,10,7.523809524,1,158
1009,0,8,10,7.846153846,1,102
1010,1,8,5,10.65,0,213
1011,0,8,4,4.5,1,27
1012,0,1,10,9.722222222,1,175
1013,1,8,10,9.166666667,1,55
1014,1,3,6,5.6875,0,91
1015,0,8,20,11.25,0,45
1016,1,8,8,7.230769231,0,94
1017,1,8,5,5.470588235,0,93
1018,0,4,20,9.25,1,111
1019,1,8,5,4.833333333,1,29
1020,1,8,17,16,0,32
1021,1,8,20,18.5,0,74
1022,1,8,13,7.5,0,30
1023,1,3,10,10.4,1,104
1024,0,8,4,4.111111111,1,37
1025,1,8,10,7.5,1,30
1026,1,8,5,5,0,45
1027,1,8,15,11.75,0,47
1028,0,4,3,5.055555556,1,91
1029,1,8,14,11.05882353,1,188
1030,1,2,27,23.94472574,0,5674.9
1031,1,3,15,11.625,1,186
1032,0,2,10,9.714285714,1,68
1033,0,7,14,7.4,1,74
1034,1,1,10,6,1,186
1035,0,8,10,10,0,50
1036,1,5,90,16.86666667,1,1012
1037,0,8,5,3.555555556,1,32
1038,0,8,10,7.25,0,29
1039,0,8,5,6.75,0,27
1040,1,8,20,20,1,80
1041,0,9,40,20,1,180
1042,0,8,10,7.714285714,0,54
1043,1,8,10,7.375,1,59
1044,1,8,15,9,0,18
1045,1,2,12,8.363636364,0,92
1046,1,1,26,15.4375,1,247
1047,1,8,8,6,0,30
1048,0,0,10,6.846153846,1,89
1049,1,5,20,17.71428571,1,124
1050,1,0,50,24.22222222,1,218
1051,1,8,12,10.5,0,42
1052,1,8,14,13,0,39
1053,0,1,5,4.9,0,83.3
1054,0,8,15,10.25,1,82
1055,1,8,35,15.66666667,0,47
1056,0,8,15,15,0,15
1057,1,9,28,32.41666667,1,389
1058,1,1,10,7.619047619,1,160
1059,1,8,5,6,0,30
1060,0,4,50,28.18181818,0,310
1061,1,8,6,6.933333333,1,104
1062,0,8,25,17,0,119
1063,1,6,5,5.947368421,1,113
1064,1,7,9,9,0,135
1065,1,3,14,8.826086957,1,406
1066,1,3,5,5.285714286,1,222
1067,0,8,5,4.866666667,1,73
1068,1,8,25,25,1,25
1069,1,8,10,9.333333333,0,56
1070,0,8,10,7.142857143,0,50
1071,1,5,10,7.05,1,141
1072,1,5,10,9.4,0,188
1073,0,5,10,9.5,1,190
1074,0,3,25,16.66666667,0,50
1075,0,8,5,4.764705882,1,81
1076,1,5,3,3.083333333,1,74
1077,0,0,9,6.208333333,1,149
1078,1,8,10,8.714285714,1,305
1079,1,5,7,8.235294118,1,140
1080,0,8,5,8.642857143,0,242
1081,1,8,7,6.571428571,0,138
1082,1,8,5,5.75,1,46
1083,1,8,20,11.7,1,117
1084,1,0,6,9.888888889,1,267
1085,1,8,10,5.9375,1,95
1086,1,8,9,6.888888889,1,62
1087,1,8,6,5.5,0,33
1088,1,8,11,10.81818182,0,119
1089,0,5,14,9.916666667,1,119
1090,1,8,25,22.5,1,45
1091,1,8,25,19.16666667,1,115
1092,0,8,7,6.952380952,0,146
1093,1,8,25,21.66666667,0,65
1094,1,8,15,9.166666667,1,55
1095,1,3,7,6.733333333,1,202
1096,1,7,15,10.57142857,1,74
1097,0,3,12,10.1,0,101
1098,1,3,10,8.941176471,0,152
1099,0,8,9,6,1,66
1100,1,8,15,11.44444444,1,103
1101,0,8,15,13.66666667,0,41
1102,0,8,14,7,1,56
1103,1,8,20,10,0,30
1104,1,8,8,7,0,56
1105,1,8,20,13.25,1,159
1106,1,8,15,9,1,27
1107,0,8,20,16.66666667,0,50
1108,1,9,30,19.25,1,231
1109,1,8,5,6.733333333,1,101
1110,1,5,10,9.454545455,1,104
1111,0,2,20,13.702,0,137.02
1112,0,8,10,5.714285714,0,40
1113,0,8,12,8.444444444,0,76
1114,1,3,6,8.958333333,1,215
1115,1,5,15,8.416666667,0,101
1116,0,8,9,6,0,24
1117,0,8,7,7.727272727,0,170
1118,1,8,6,7.4,0,37
1119,0,8,12,9.4,0,47
1120,1,8,10,11.5,1,46
1121,0,1,50,40.875,1,327
1122,1,9,10,19.59090909,0,431
1123,1,6,10,10.5625,0,169
1124,1,4,12,8.045454546,1,177
1125,1,5,15,10.33333333,1,62
1126,0,8,20,12.5,1,25
1127,1,4,16,11.45833333,1,275
1128,0,8,15,9.225806452,1,286
1129,0,1,31,20.66666667,1,124
1130,0,7,9,9.1875,1,147
1131,1,3,16,13.6,1,68
1132,1,0,5,3.576923077,1,93
1133,1,9,25,12.06666667,0,181
1134,0,8,14,11.68181818,1,257
1135,1,0,9,5.290322581,1,164
1136,1,8,10,12.25,1,49
1137,1,1,36,10.09090909,0,111
1138,0,3,25,15.92307692,0,207
1139,1,0,15,11.55555556,1,104
1140,1,8,3,3.444444444,1,62
1141,0,8,22,20.6,0,103
1142,1,8,25,11.07692308,1,144
1143,0,1,6,3.555555556,1,64
1144,0,1,13,10.83333333,1,130
1145,0,8,6,5.555555556,1,100
1146,0,8,20,20,1,20
1147,0,1,15,12.125,0,194
1148,0,8,12,8,0,32
1149,1,4,25,11.625,0,93
1150,1,2,10,10.36363636,1,114
1151,1,8,12,11,1,66
1152,0,8,10,8.5,0,34
1153,1,8,9,8.5,0,34
1154,0,3,5,4,0,60
1155,0,1,10,8.230769231,1,107
1156,1,9,20,11,1,77
1157,1,8,20,13.23076923,1,172
1158,0,6,6,4.555555556,1,82
1159,1,8,5,5,0,35
1160,1,8,15,6.25,0,50
1161,0,8,5,5,1,35
1162,0,8,10,7.444444444,0,67
1163,1,5,15,12.3,0,123
1164,1,2,16,10.73333333,1,161
1165,1,8,16,13,1,26
1166,1,1,4,4.454545455,1,49
1167,0,8,5,5.166666667,0,31
1168,1,8,15,8.322580645,0,258
1169,1,8,20,20,1,20
1170,0,2,10,7.5,1,120
1171,1,8,20,20,1,20
1172,0,3,10,7.4,1,74
1173,0,8,6,8,0,32
1174,1,8,27,23.5,0,47
1175,1,1,14,9.936052632,0,377.57
1176,0,5,10,8.904761905,0,187
1177,1,1,3,15.28571429,1,107
1178,0,8,10,6.818181818,1,75
1179,1,8,6,9.6,1,96
1180,0,8,25,15,1,45
1181,1,7,5,4.444444444,1,80
1182,1,6,5,4.111111111,1,37
1183,0,8,20,20,0,20
1184,1,9,15,11.4,0,57
1185,1,8,5,5.3,1,132.5
1186,0,2,15,11.66666667,0,70
1187,0,2,5,4.571428571,0,192
1188,1,1,5,3.357142857,1,47
1189,1,7,8,4.852941177,1,165
1190,0,4,10,9.818181818,0,108
1191,1,8,5,5.75,1,46
1192,0,8,9,7.615384615,1,99
1193,0,8,10,8.304347826,0,191
1194,1,5,10,9.791666667,0,235
1195,1,0,5,5.535714286,0,155
1196,0,8,10,7.833333333,0,47
1197,0,8,20,20,1,20
1198,0,8,12,8.75,0,35
1199,1,1,15,8.857142857,0,124
1200,1,6,5,2.9,0,87
1201,0,8,25,6.545454546,0,72
1202,1,8,25,11.08333333,0,133
1203,0,5,10,7,1,140
1204,1,5,37,18.625,0,298
1205,1,8,20,9.9,0,99
1206,1,4,9,10.35,0,207
1207,1,8,15,15,0,15
1208,1,8,9,6.714285714,0,94
1209,1,5,10,8.825396825,0,556
1210,1,9,4,3.5,0,63
1211,0,8,10,10,1,30
1212,1,9,25,12.2,1,61
1213,0,8,8,8.25,0,66
1214,0,7,52,36.36363636,1,400
1215,0,8,11,6.380952381,1,134
1216,0,8,12,10.22222222,1,92
1217,1,9,15,10,1,70
1218,0,5,7,4.966666667,0,149
1219,0,4,28,10.69565217,0,246
1220,0,5,5,4.666666667,0,98
1221,0,8,10,9.25,1,37
1222,0,8,5,11,0,22
1223,1,5,25,7.25,1,261
1224,0,5,7,7.3125,1,117
1225,1,5,10,12,1,216
1226,1,8,10,10,1,60
1227,0,8,20,9.333333333,0,28
1228,0,8,5,5.227272727,1,287.5
1229,0,8,5,3.875,1,31
1230,1,9,10,7.294117647,0,124
1231,1,7,20,13.5,0,243
1232,0,5,15,11.5,0,69
1233,1,8,10,11.13636364,1,245
1234,0,8,10,8.2,0,41
1235,0,5,9,6.866666667,0,103
1236,0,3,4,5.260869565,0,121
1237,1,1,5,6.304347826,0,145
1238,0,8,15,15,0,15
1239,1,8,10,8.428571429,1,118
1240,1,8,20,20,0,40
1241,0,5,20,11,0,55
1242,0,5,7,6.555555556,0,59
1243,0,5,25,48.52941177,1,825
1244,1,8,15,12.5,1,25
1245,0,4,5,7.333333333,1,132
1246,1,8,25,18.3,0,183
1247,1,8,25,25,0,50
1248,0,7,25,14.66666667,0,88
1249,1,8,14,9.875,1,79
1250,1,8,10,6.75,0,27
1251,1,7,7,7.25,0,58
1252,1,7,22,14.82352941,1,252
1253,1,8,10,7.5,1,45
1254,1,0,4,4.411764706,1,75
1255,0,8,15,9.888888889,0,89
1256,1,4,12,10.875,1,261
1257,0,0,21,13.5,0,54
1258,1,8,3,3.407407407,1,92
1259,1,4,10,4.475694444,0,322.25
1260,0,8,11,9.384615385,1,122
1261,1,8,10,10,0,30
1262,0,8,15,6.666666667,0,60
1263,1,8,7,6.666666667,1,100
1264,1,8,10,10.66666667,1,32
1265,0,3,20,15.4,0,77
1266,0,8,7,5.1875,1,83
1267,0,8,11,7.736842105,1,147
1268,0,8,5,4,1,60
1269,0,8,3,4.3,1,43
1270,1,3,20,12.75,0,51
1271,1,9,21,14.4,0,72
1272,1,8,10,10,1,60
1273,1,1,20,16.5,0,66
1274,0,8,7,7.666666667,1,23
1275,1,1,5,5,0,45
1276,0,8,15,15,0,15
1277,1,8,5,6.2,0,62
1278,0,8,25,15,0,30
1279,0,4,20,10.25,0,41
1280,1,8,15,15,1,15
1281,0,9,4,8.5,1,68
1282,0,2,16,13.82352941,1,235
1283,1,5,3,4,1,48
1284,1,9,10,8,0,88
1285,0,8,20,15,0,45
1286,1,8,6,6,0,66
1287,1,8,15,11.25,1,45
1288,1,9,35,20.5,0,164
1289,0,8,8,5.8,1,58
1290,1,8,12,7.4,0,37
1291,0,8,100,100,0,100
1292,1,8,12,10.5,0,42
1293,1,8,75,42.5,1,85
1294,0,8,10,8,1,32
1295,1,5,11,6.852941177,1,233
1296,1,9,5,4.973684211,1,189
1297,1,8,20,10,0,50
1298,0,8,16,15.33333333,1,46
1299,1,8,20,20,0,20
1300,0,5,7,8.222222222,1,74
1301,1,6,7,5.8125,1,93
1302,1,3,16,9.111111111,0,82
1303,0,7,16,8.769230769,1,114
1304,0,8,5,4.454545455,1,49
1305,0,8,20,13.8,1,69
1306,1,3,20,16.25,0,65
1307,1,8,5,3.3,1,33
1308,1,2,20,13.125,0,105
1309,0,0,10,7.714285714,1,108
1310,0,8,5,4.818181818,0,53
1311,1,8,10,7.333333333,1,22
1312,1,3,10,10,0,430
1313,1,7,10,4.794117647,0,163
1314,1,6,15,9.857142857,1,69
1315,1,5,25,17.91666667,1,215
1316,0,9,11,8.411764706,0,143
1317,0,8,7,5.333333333,1,32
1318,1,8,15,15,1,45
1319,1,8,5,5.5,1,66
1320,1,6,16,11.93333333,0,179
1321,1,3,15,10.66666667,0,160
1322,0,8,25,12.5,0,100
1323,1,3,16,13.5,1,108
1324,0,1,20,23,0,184
1325,1,8,10,10.5,1,147
1326,1,8,6,4.666666667,1,42
1327,1,8,16,13.75,0,110
1328,0,5,5,5.628571429,1,197
1329,0,3,5,4.75862069,0,138
1330,1,8,10,10.5,1,42
1331,0,4,15,16.64705882,0,283
1332,1,8,21,13,0,26
1333,0,9,25,17.875,0,143
1334,1,5,5,4.875,0,117
1335,1,3,12,5.8125,1,93
1336,1,8,6,5.5,0,44
1337,0,8,5,5.333333333,0,32
1338,0,8,10,7.333333333,1,22
1339,1,0,15,10.54761905,1,443
1340,1,8,10,11.4,0,57
1341,1,0,5,8.388888889,1,151
1342,0,7,20,21.66666667,0,65
1343,1,8,10,7.5,0,45
1344,1,8,5,5.285714286,1,74
1345,0,5,12,9.733333333,1,292
1346,1,0,13,8.571428571,0,120
1347,0,7,5,2.666666667,0,120
1348,1,0,5,5.052631579,0,96
1349,0,8,10,6.5,0,52
1350,0,8,20,16.5,0,33
1351,0,8,20,17.5,0,35
1352,1,8,11,7.666666667,1,23
1353,0,8,25,11.4,1,57
1354,1,1,20,12.625,1,202
1355,0,5,10,12,0,156
1356,1,6,10,7.090909091,0,78
1357,1,4,15,11.58333333,0,139
1358,1,1,6,8.466666667,1,127
1359,1,2,14,11.51351351,1,426
1360,1,8,20,16,1,80
1361,1,3,3,3.35,0,67
1362,0,8,10,6,0,54
1363,1,8,7,6.75,0,27
1364,0,8,6,8.583333333,1,103
1365,0,8,12,11,0,44
1366,1,7,20,17,1,153
1367,1,5,5,3.222222222,1,87
1368,0,8,50,37.5,1,75
1369,1,1,10,8.9,1,89
1370,0,8,10,6,0,30
1371,0,8,10,10.5875,1,211.75
1372,1,8,15,12.5,1,25
1373,0,7,11,8.548387097,0,265
1374,0,8,7,4.5,0,54
1375,1,7,11,10.06666667,1,302
1376,1,8,11,8.333333333,0,50
1377,1,2,10,5.340909091,1,235
1378,1,8,20,5.666666667,0,238
1379,0,8,10,8.8,0,44
1380,1,8,15,9.5,1,19
1381,1,4,10,9.666666667,1,58
1382,1,3,10,5.884615385,1,153
1383,0,0,14,6.866666667,1,103
1384,1,7,10,6.058823529,0,103
1385,0,8,10,8.666666667,1,52
1386,0,8,20,13.75,1,110
1387,1,8,5,3.375,1,81
1388,1,8,5,6.666666667,1,40
1389,1,8,20,17.66666667,1,53
1390,1,1,3,4.2,1,126
1391,0,4,17,10,0,60
1392,1,4,7,8.75,0,105
1393,1,8,19,16,0,64
1394,1,8,20,19.6,1,98
1395,0,4,8,7.176470588,1,122
1396,0,6,7,5.956521739,1,137
1397,1,8,6,5.333333333,0,32
1398,1,8,15,10.85714286,1,76
1399,1,8,30,20,0,60
1400,1,2,5,3.705882353,0,63
1401,1,4,25,17.61538462,0,687
1402,1,8,15,13.11111111,1,118
1403,1,9,25,18.2,1,91
1404,1,5,25,15.14285714,0,106
1405,1,0,10,8.222222222,0,222
1406,1,8,25,24.16666667,1,145
1407,0,5,5,5,0,135
1408,1,8,15,13.5,0,108
1409,1,1,15,10.33333333,0,186
1410,0,8,15,10.125,1,81
1411,1,6,12,8.3,1,83
1412,1,8,12,9.5,0,38
1413,1,8,15,15.25,1,61
1414,1,8,4,3.7,1,37
1415,0,8,25,19,0,38
1416,1,3,10,5.588235294,0,95
1417,1,7,11,10.16666667,0,61
1418,1,3,50,31.74285714,0,1111
1419,1,8,20,13.71428571,1,96
1420,0,8,21,19,1,76
1421,0,8,20,13.33333333,0,80
1422,1,8,25,13.125,0,105
1423,0,1,2,4.4375,1,71
1424,0,8,12,9.5,0,38
1425,0,8,7,5.266666667,1,79
1426,1,8,10,8.9375,1,143
1427,0,8,7,6.166666667,0,37
1428,1,8,10,7.5,1,45
1429,1,1,15,9.833333333,1,59
1430,0,8,11,6.75,0,27
1431,0,5,15,10.4,0,52
1432,1,8,20,14,0,56
1433,1,8,5,3.714285714,1,26
1434,0,8,20,14.28571429,1,100
1435,0,9,9,9.238095238,1,194
1436,1,8,20,15.33333333,1,46
1437,0,8,24,6.269230769,1,163
1438,0,5,10,8.470588235,0,288
1439,1,2,10,5.5,0,66
1440,1,8,9,8,0,40
1441,0,8,5,7.5,0,165
1442,1,8,10,7.4,0,37
1443,1,3,3,4.923076923,1,128
1444,1,8,6,5.916666667,0,71
1445,1,4,10,9.928571429,0,139
1446,1,8,8,6.428571429,1,45
1447,1,8,15,10,1,20
1448,0,8,5,5.25,1,84
1449,0,8,15,15,0,15
1450,0,3,12,7.181818182,0,79
1451,1,0,4,4.9375,0,79
1452,0,3,10,7.846153846,1,102
1453,1,8,10,7,1,28
1454,0,2,4,4.266666667,1,64
1455,0,9,25,25,0,125
1456,0,9,6,6.333333333,1,57
1457,1,0,8,4.068181818,0,179
1458,1,9,40,20.83333333,1,125
1459,0,8,20,10.66666667,0,32
1460,1,8,25,25,0,75
1461,0,8,20,20,1,20
1462,1,3,20,10.53846154,0,137
1463,0,0,10,5.5,1,99
1464,0,8,22,22.33333333,0,67
1465,0,5,15,16.36363636,0,180
1466,0,8,10,10,1,40
1467,0,9,20,14.8,1,370
1468,1,6,15,16.78571429,1,235
1469,0,8,20,15,1,30
1470,0,6,15,15.375,1,123
1471,0,8,10,7.75,0,31
1472,0,7,12,6.725,1,134.5
1473,1,8,15,11.6,1,58
1474,0,2,2,3.818181818,0,84
1475,1,1,6,4.965517241,1,144
1476,1,8,15,9,0,36
1477,1,8,8,6.5,0,39
1478,1,9,11,7.470588235,0,127
1479,0,9,10,9.523809524,0,200
1480,1,1,11,13,1,195
1481,1,8,15,15,0,75
1482,1,3,11,5.136363636,0,113
1483,0,9,15,10.125,1,81
1484,1,8,20,15,0,45
1485,1,8,4,3.833333333,0,46
1486,1,9,11,8.466666667,1,127
1487,0,3,8,7.885714286,0,276
1488,0,8,5,3.125,1,37.5
1489,1,3,3,3.516129032,1,109
1490,1,8,10,7.888888889,0,71
1491,0,4,6,4.2,0,84
1492,1,8,9,5.857142857,1,123
1493,0,7,21,18,0,72
1494,0,4,14,9.777777778,1,88
1495,1,8,20,15,1,30
1496,0,3,6,6.285714286,0,132
1497,0,6,5,7.785714286,1,218
1498,0,8,13,9,1,54
1499,1,0,14,9.533333333,1,143
1500,1,5,25,11.30769231,0,147
1501,1,2,10,7.523809524,0,158
1502,1,8,17,14,0,42
1503,0,8,5,5.352941177,0,91
1504,1,8,15,13.66666667,1,41
1505,1,8,20,17.22222222,0,155
1506,0,3,20,15,0,90
1507,0,8,10,9.5,0,57
1508,1,7,5,3.080645161,0,95.5
1509,0,2,100,12.07142857,1,169
1510,0,8,20,15.83333333,0,95
1511,1,8,10,6.631578947,1,126
1512,1,5,10,9.615384615,0,125
1513,1,8,10,7.714285714,1,108
1514,1,8,25,25,1,25
1515,1,6,5,4.222222222,0,114
1516,1,8,15,15,0,15
1517,1,7,7,7.25862069,0,210.5
1518,1,8,15,9.5,0,19
1519,1,2,16,12,0,36
1520,0,8,25,20,0,60
1521,0,8,7,5.285714286,1,37
1522,0,8,15,15,0,15
1523,0,3,10,3.941176471,0,67
1524,0,6,25,18.71428571,1,131
1525,1,8,20,20,0,20
1526,1,6,13,9.428571429,1,132
1527,1,0,10,10.625,1,85
1528,0,3,13,9.45,1,189
1529,1,7,50,33,1,165
1530,0,7,40,19.85714286,1,139
1531,0,5,5,3.592592593,1,97
1532,1,8,20,8.75,1,70
1533,1,8,100,100,0,100
1534,1,8,7,9.5,0,38
1535,0,8,10,7.333333333,0,44
1536,1,8,5,8.444444444,1,76
1537,0,5,3,5.266666667,0,79
1538,1,8,6,5.888888889,1,53
1539,1,8,5,5.090909091,1,56
1540,0,3,10,21.63636364,1,476
1541,1,8,9,7,0,63
1542,1,5,4,4.666666667,0,98
1543,1,9,21,13,0,78
1544,1,8,5,5.642857143,0,79
1545,1,8,5,5.384615385,1,70
1546,1,6,15,14.44444444,1,130
1547,0,8,10,15.55555556,1,280
1548,1,8,3,3.425925926,1,92.5
1549,1,4,20,12.5,1,50
1550,1,3,9,6.4,1,160
1551,1,8,15,15,0,15
1552,0,7,13,10.66666667,1,224
1553,0,9,10,6.882352941,0,117
1554,1,2,6,12.15384615,1,158
1555,0,8,5,4.142857143,0,58
1556,1,8,15,12.5,0,50
1557,0,8,6,8.666666667,0,26
1558,0,8,10,14,0,56
1559,1,9,14,9.15,0,183
1560,1,8,7,4.833333333,0,58
1561,0,6,25,13.14285714,1,92
1562,1,0,15,6.772727273,0,447
1563,1,8,15,15,0,30
1564,1,8,10,7.8,1,39
1565,1,8,14,8.6,1,43
1566,1,9,20,8.157894737,1,155
1567,1,9,11,8.931034483,1,259
1568,0,3,25,12.4375,1,398
1569,0,8,12,10.66666667,1,32
1570,1,3,10,6.916666667,1,83
1571,1,8,10,6,1,36
1572,1,8,16,9.75,0,39
1573,0,3,3,4.278688525,1,261
1574,1,8,10,7.272727273,0,80
1575,1,2,10,5.764705882,1,98
1576,1,8,9,8.2,1,41
1577,1,6,5,5,0,185
1578,1,8,25,25,0,25
1579,0,3,10,7.533333333,0,226
1580,0,8,9,9.2,1,46
1581,1,6,25,10.54545455,0,116
1582,0,8,21,17,0,51
1583,0,8,5,5.133333333,1,77
1584,0,8,10,10,0,40
1585,0,3,5,5.157894737,0,98
1586,0,8,9,4.5,0,54
1587,0,2,14,11.22222222,1,101
1588,0,8,15,9.777777778,0,176
1589,1,9,10,10.08695652,0,232
1590,0,8,20,12.5,0,25
1591,0,8,7,7.076923077,1,184
1592,1,8,19,19.43243243,1,719
1593,1,1,5,5.714285714,1,120
1594,1,6,10,5,0,80
1595,0,8,12,9.571428571,1,67
1596,0,8,12,11.81818182,1,130
1597,1,8,10,9.705882353,1,165
1598,1,8,3,4.090909091,1,45
1599,1,8,25,20.33333333,1,61
1600,1,1,7,4.024390244,0,165
1601,0,8,10,10,1,40
1602,0,8,12,10.7,1,107
1603,1,8,11,7.333333333,0,44
1604,1,6,15,10,1,120
1605,0,1,10,9.9,0,99
1606,1,8,7,6.6,1,33
1607,1,8,7,5,0,65
1608,1,4,11,9.8,1,98
1609,1,8,4,4.375,1,35
1610,1,8,25,25,0,25
1611,1,8,15,12.5,1,50
1612,1,8,21,18,1,36
1613,1,8,7,6.125,1,49
1614,0,8,25,20,0,80
1615,0,4,5,4.975,0,199
1616,0,5,10,10.25,0,164
1617,1,2,15,8.411764706,1,143
1618,1,8,10,6.666666667,0,20
1619,1,8,15,9.1,1,91
1620,1,0,10,10.875,0,87
1621,1,8,25,25,0,50
1622,1,9,11,11.28,1,282
1623,1,8,3,6.555555556,0,59
1624,0,8,20,20,0,20
1625,1,8,12,7.947368421,0,151
1626,1,8,50,36.66666667,0,110
1627,1,8,20,10.4,0,52
1628,0,9,25,15.3125,0,245
1629,1,8,16,17,0,51
1630,1,8,5,5.428571429,1,38
1631,1,2,10,5.875,0,47
1632,1,8,7,6.555555556,0,59
1633,0,5,10,6.6875,0,107
1634,1,5,5,6.928571429,0,97
1635,1,8,25,17.5,0,35
1636,1,8,25,7.875,1,63
1637,1,8,5,6.928571429,1,97
1638,0,1,15,9.9375,0,159
1639,1,8,15,10,0,20
1640,1,1,3,5.034482759,0,146
1641,0,8,10,8.75,1,35
1642,1,8,6,5.2,1,26
1643,1,6,26,9.4375,1,151
1644,1,6,20,12.54545455,0,138
1645,1,7,10,6.904761905,1,145
1646,1,2,10,8.294117647,1,141
1647,1,8,3,3.181818182,0,35
1648,0,6,15,10,1,60
1649,0,6,20,14.5625,0,233
1650,0,8,15,11.44444444,1,103
1651,0,2,3,6.769230769,0,88
1652,1,6,20,14.77777778,0,133
1653,0,8,10,8.75,1,35
1654,1,7,13,10.45454546,0,345
1655,1,8,11,8.4375,1,135
1656,1,9,10,8.034482759,0,233
1657,1,9,25,10.8,0,108
1658,1,8,20,13.28571429,0,93
1659,0,8,3,3.545454546,1,39
1660,0,8,18,12,0,144
1661,0,0,10,7.008333333,0,210.25
1662,1,8,10,10.6,1,106
1663,0,8,32,19,0,57
1664,1,8,8,6.5,0,65
1665,1,2,25,20,0,60
1666,1,8,3,2.705882353,1,46
1667,1,8,15,15,1,15
1668,0,5,6,5.285714286,0,111
1669,0,8,25,21.77777778,0,392
1670,1,9,15,11.66666667,0,70
1671,0,8,15,15,0,15
1672,1,2,10,13.23076923,0,172
1673,1,8,15,9,1,18
1674,1,6,11,7.764705882,1,132
1675,1,8,14,12.8,0,64
1676,0,8,11,9,1,36
1677,1,8,15,12.33333333,0,37
1678,1,9,15,10,1,40
1679,1,8,4,3.6,1,72
1680,0,9,15,8.5,1,68
1681,1,6,10,8.619047619,1,181
1682,1,8,7,6.666666667,1,40
1683,1,9,20,12.66666667,0,76
1684,1,0,10,12.22222222,1,110
1685,1,0,10,7.604651163,1,327
1686,0,8,7,6.6,0,33
1687,0,9,25,25,1,125
1688,0,1,5,11.72413793,1,340
1689,1,8,3,3,0,30
1690,0,7,5,7.857142857,1,110
1691,1,9,5,4.75,1,247
1692,1,7,10,5.5625,1,89
1693,1,9,5,6.162790698,1,265
1694,1,2,6,6.409090909,1,141
1695,0,0,10,6.5,0,65
1696,1,8,25,16.2,0,81
1697,0,8,6,6.6,1,33
1698,0,8,15,15,0,15
1699,0,8,5,5.5,1,66
1700,1,8,25,23.33333333,1,70
1701,1,3,13,14.17647059,0,723
1702,0,4,15,12.2,0,61
1703,1,8,6,5.8,0,58
1704,1,8,10,9,1,54
1705,0,1,13,10.33333333,0,62
1706,1,5,15,9.625,1,77
1707,1,7,15,9.7,1,97
1708,0,8,25,25,1,25
1709,1,8,6,5.125,1,41
1710,0,6,20,9.25,0,92.5
1711,1,8,12,7.25,1,87
1712,0,8,4,5.076923077,0,66
1713,1,8,10,11,1,33
1714,0,8,5,5.518518519,1,149
1715,1,8,20,15,1,30
1716,0,8,12,10.21428571,1,286
1717,1,9,15,9,1,45
1718,1,8,10,11.66666667,0,35
1719,0,8,20,16.5,1,33
1720,1,8,4,3.5,0,35
1721,1,8,50,50,1,50
1722,0,8,55,55,0,55
1723,0,8,3,4.555555556,1,41
1724,0,8,10,7.125,0,114
1725,1,8,5,3.266666667,0,49
1726,0,7,10,11.8,1,236
1727,1,8,10,8.75,0,70
1728,0,8,25,23.33333333,0,70
1729,1,7,13,8.729166667,1,419
1730,0,8,25,25,0,25
1731,1,8,4,4.142857143,1,29
1732,1,8,15,12.72727273,1,140
1733,0,1,5,4.333333333,1,91
1734,0,8,15,15,0,15
1735,1,8,15,15,0,60
1736,1,8,3,8.333333333,0,25
1737,1,4,9,6.548387097,1,203
1738,1,8,15,10.4,1,52
1739,1,8,219,122.1666667,1,733
1740,0,8,15,15,1,15
1741,0,8,5,5.5,0,33
1742,1,8,10,8.2,0,41
1743,1,8,20,20,1,20
1744,1,6,10,6.4,0,128
1745,1,6,5,4.615384615,1,60
1746,1,8,15,15,0,15
1747,1,8,15,15.33333333,1,92
1748,1,7,15,16.6,0,249
1749,1,8,12,7.166666667,1,43
1750,1,8,3,3.291666667,0,79
1751,0,1,15,12,0,60
1752,1,8,7,5.25,0,42
1753,0,9,5,5.386363636,0,237
1754,1,8,9,7.454545455,1,82
1755,1,8,5,5.689655172,0,165
1756,1,8,11,9.125,1,146
1757,0,8,5,4.571428571,0,32
1758,0,8,19,9.283333333,0,557
1759,0,4,16,10.7,1,107
1760,1,8,15,15,0,15
1761,1,8,7,5.166666667,0,62
1762,1,8,10,7.285714286,0,51
1763,1,2,12,10.04166667,0,120.5
1764,1,8,15,12.5,0,25
1765,1,8,4,4,1,32
1766,0,8,25,18.33333333,1,55
1767,0,8,4,3.966666667,1,119
1768,1,3,10,5.263157895,1,100
1769,0,8,10,8.75,1,35
1770,1,5,21,10.4,0,104
1771,1,9,10,6.97826087,0,321
1772,1,8,5,4.35,1,87
1773,0,8,11,9.5,1,38
1774,1,0,10,7.421052632,1,141
1775,1,2,6,8.731153846,1,227.01
1776,1,2,23,15.71428571,0,110
1777,1,5,15,7.75862069,1,225
1778,1,1,20,10.81818182,0,119
1779,1,1,7,6.461538462,1,168
1780,1,8,10,11.66666667,1,35
1781,0,8,10,8,0,40
1782,1,8,10,6.8,1,34
1783,0,7,15,7.5,1,90
1784,0,8,25,25,0,25
1785,1,8,25,15.88888889,0,143
1786,0,3,15,11.42857143,0,80
1787,1,3,10,7.692307692,0,100
1788,0,3,4,4.25,1,85
1789,1,8,10,7.6,0,38
1790,1,3,15,9.833333333,0,295
1791,0,0,20,17.1,1,171
1792,0,7,25,23.57142857,0,165
1793,1,4,10,11.55555556,0,312
1794,0,8,15,11.66666667,0,35
1795,1,4,10,11.95652174,0,275
1796,0,8,16,16,0,16
1797,0,5,6,6.363636364,1,140
1798,1,7,7,5.684210526,1,108
1799,1,3,10,8.894736842,1,169
1800,1,8,10,10.2,0,51
1801,0,8,6,7.333333333,0,22
1802,0,8,10,8.2,1,41
1803,0,2,14,13.41666667,1,161
1804,1,2,15,12.13333333,0,182
1805,1,0,10,8.192307692,0,213
1806,0,3,15,11.5,1,115
1807,1,8,6,4.166666667,1,50
1808,1,8,20,14.77777778,1,133
1809,0,8,7,7,1,42
1810,1,8,15,11.16666667,0,67
1811,0,6,13,10.13333333,1,304
1812,0,8,5,4.277777778,1,38.5
1813,1,8,6,8,0,32
1814,1,8,8,5.25,1,42
1815,1,3,20,11.88888889,0,107
1816,0,8,5,3.214285714,1,45
1817,0,8,12,7.611111111,1,137
1818,0,6,50,12.91666667,0,155
1819,1,5,19,14.66666667,0,220
1820,0,9,12,9.375,1,75
1821,0,8,10,10,0,30
1822,1,8,5,5.833333333,1,35
1823,1,6,7,5.307692308,1,69
1824,1,8,15,9.9375,1,159
1825,1,8,5,3.055555556,1,55
1826,1,0,7,4.352941177,1,74
1827,0,8,30,30,0,30
1828,1,8,4,4.5,0,27
1829,1,0,3,3.404761905,0,143
1830,1,5,15,11.4,0,57
1831,1,4,12,8.642857143,1,121
1832,1,2,10,6.933333333,1,104
1833,1,8,15,8.666666667,0,52
1834,0,8,12,11,1,44
1835,0,3,35,18.5,0,148
1836,1,8,10,10.75,1,43
1837,1,8,6,7.941176471,1,135
1838,1,8,25,24.25,0,97
1839,0,9,5,5.133333333,1,77
1840,1,8,4,5.25,0,63
1841,1,1,15,9.1,0,91
1842,0,8,20,18.75,0,75
1843,1,0,8,7.59375,1,121.5
1844,1,8,10,5.733333333,0,86
1845,0,8,15,11.4,1,114
1846,0,8,5,5,1,30
1847,1,5,13,6.461538462,0,84
1848,1,8,5,5.909090909,1,65
1849,1,8,25,18.2,0,91
1850,0,8,25,7.5,1,120
1851,0,8,100,77.57142857,0,543
1852,1,8,20,15.41666667,0,185
1853,0,1,10,15.4,1,77
1854,1,8,10,5.833333333,1,35
1855,1,8,6,3.545454546,0,78
1856,0,9,12,9.846153846,1,128
1857,1,8,7,5.5,1,33
1858,0,5,5,5.25,0,84
1859,1,3,10,8.428571429,1,59
1860,1,7,6,7.090909091,1,78
1861,0,8,15,10,0,30
1862,0,5,15,10.14285714,0,71
1863,1,8,6,5.666666667,0,51
1864,1,8,12,9.25,0,37
1865,1,4,16,9.333333333,0,84
1866,0,8,25,25,0,50
1867,1,5,10,6.533333333,0,98
1868,1,2,25,24.16666667,0,145
1869,1,8,12,11.4,1,57
1870,1,6,10,6.375,1,153
1871,1,8,10,9.4,1,47
1872,1,9,12,11.1,1,111
1873,0,8,10,7.2,1,36
1874,1,0,6,6.862068966,1,199
1875,1,8,5,4.8,1,48
1876,1,2,5,5.127659575,1,241
1877,1,8,5,5.125,1,41
1878,0,6,5,5,1,90
1879,1,8,6,5.166666667,1,31
1880,0,1,12,11.1,1,111
1881,1,0,10,10.96296296,1,296
1882,1,0,5,3,0,123
1883,0,8,14,12.33333333,1,74
1884,0,4,8,6.555555556,1,177
1885,0,8,25,25,1,25
1886,0,8,12,22.375,0,179
1887,0,8,12,11.33333333,0,34
1888,0,8,5,5.8,0,29
1889,1,8,5,5.142857143,0,36
1890,1,5,12,10.09090909,0,111
1891,1,8,15,15,0,15
1892,1,3,21,10.72727273,1,118
1893,0,8,6,5.714285714,1,80
1894,1,1,9,6.789473684,0,129
1895,1,8,25,20,0,80
1896,1,8,10,7.384615385,0,96
1897,0,8,12,11.2,1,56
1898,1,3,25,11.3,0,113
1899,1,8,25,15,0,45
1900,1,8,4,4.636363636,0,51
1901,1,8,19,15.66666667,1,94
1902,0,6,9,7.142857143,0,50
1903,0,8,20,17.5,1,70
1904,0,9,25,12.28571429,0,86
1905,0,2,10,7.533333333,1,113
1906,1,8,20,14,0,42
1907,0,5,26,18.25,0,73
1908,1,8,25,21.66666667,0,65
1909,1,8,11,10.72222222,0,193
1910,1,8,20,20,1,20
1911,1,7,23,17.28571429,0,121
1912,1,9,20,14,1,112
1913,0,6,3,6.75,1,108
1914,1,7,5,3.939393939,1,130
1915,0,7,25,36.09090909,0,397
1916,0,8,15,14.625,0,117
1917,0,8,10,9,0,36
1918,1,8,5,6.416666667,0,77
1919,1,8,10,10.25,0,82
1920,0,8,15,15,0,45
1921,1,8,14,14,0,56
1922,1,8,12,12.33333333,0,74
1923,1,8,10,8,0,40
1924,0,1,20,27.09090909,1,894
1925,0,8,14,7.363636364,0,81
1926,1,8,19,12,0,24
1927,1,8,5,7.142857143,0,50
1928,1,6,10,7.941176471,1,135
1929,1,1,8,6.256410256,0,244
1930,1,8,25,25,1,25
1931,0,8,8,5.75,0,92
1932,0,3,18,12.92307692,0,168
1933,1,6,12,14,1,112
1934,1,8,25,16.71428571,1,117
1935,1,8,7,5.8,1,29
1936,0,8,25,23,1,115
1937,0,8,10,15,1,30
1938,1,8,20,15,1,30
1939,0,8,15,9,0,99
1940,1,8,25,15.66666667,0,47
1941,1,7,15,13.75,0,55
1942,1,8,14,7.083333333,1,85
1943,0,8,15,10,0,40
1944,0,5,4,4.5,1,45
1945,1,1,8,8.818181818,1,291
1946,1,8,7,5.615384615,0,73
1947,1,4,15,7.157894737,0,136
1948,0,5,25,19.96774194,0,619
1949,1,4,12,7.875,1,126
1950,0,6,25,16.28571429,1,228
1951,1,8,11,6.75,0,27
1952,1,8,11,8.5,1,34
1953,1,1,10,8.25,1,66
1954,1,8,15,10.33333333,0,62
1955,1,5,7,8.333333333,0,375
1956,0,8,20,17.5,0,35
1957,0,8,15,8.777777778,0,79
1958,0,5,25,15.81818182,0,174
1959,1,8,20,12.83333333,0,77
1960,1,8,5,3.161290323,1,98
1961,1,2,21,15.33333333,1,368
1962,1,6,25,20.22222222,0,182
1963,1,6,7,8.285714286,1,464
1964,0,8,15,10.3,0,103
1965,0,7,15,19.66666667,1,295
1966,0,8,11,7.666666667,1,23
1967,0,6,30,17.14285714,0,120
1968,0,8,20,11.25,1,45
1969,1,8,15,9.333333333,0,56
1970,0,8,21,19.44444444,0,175
1971,1,7,15,11.2,0,56
1972,1,8,20,15.33333333,0,46
1973,1,8,20,20,1,20
1974,0,8,21,21,0,42
1975,1,8,10,12.4,0,62
1976,1,8,8,4.785714286,0,67
1977,0,8,15,10.8,0,54
1978,1,3,15,10.47368421,0,199
1979,1,9,5,5.346153846,1,139
1980,0,4,11,8,1,176
1981,1,8,6,5,1,45
1982,1,8,10,7.5,1,45
1983,1,4,10,8.885714286,0,311
1984,1,8,20,10.33333333,0,31
1985,1,1,10,7.222222222,1,65
1986,1,8,12,10.5,1,42
1987,1,7,31,15.46428571,1,433
1988,1,2,20,14.6875,0,235
1989,0,8,10,11.66666667,0,35
1990,0,5,10,8.875,1,284
1991,1,3,15,9.857142857,1,69
1992,0,5,5,7.761904762,0,163
1993,1,8,25,14.25,0,57
1994,1,3,16,6.888888889,0,62
1995,1,6,12,5.642857143,0,79
1996,1,8,5,7.5,0,30
1997,1,8,35,30,0,60
1998,0,8,25,25,1,25
1999,1,7,9,7.047619048,0,148
2000,1,8,10,7.5,0,45
2001,1,8,8,6.8,0,34
2002,1,8,15,15,1,15
2003,0,8,14,8.666666667,1,104
2004,1,6,10,9.685,1,135.59
2005,1,8,6,5,1,65
2006,1,8,7,5.4,1,54
2007,1,8,10,7.7,1,77
2008,1,6,14,11.625,1,186
2009,1,8,10,7,1,42
2010,1,0,15,15,0,120
2011,0,2,16,9.5,0,57
2012,1,8,20,20,1,20
2013,0,8,80,80,1,160
2014,1,3,15,11.5,0,138
2015,0,8,10,23.6,0,118
2016,1,8,23,20.4,0,102
2017,1,5,5,4.565128205,0,178.04
2018,1,9,22,18.5,1,111
2019,1,8,15,13.73913044,1,632
2020,1,8,10,9,0,36
2021,0,8,10,9.368421053,0,178
2022,1,3,11,9.6,0,384
2023,1,8,5,5.833333333,1,70
2024,1,8,2,2.764705882,1,47
2025,0,8,31,18,1,216
2026,0,8,12,9,0,144
2027,1,7,26,16.5,1,99
2028,1,8,10,5.25,0,63
2029,1,9,3,2.52,0,63
2030,1,8,6,4.5,1,63
2031,0,8,10,7.333333333,0,22
2032,1,3,5,8.071428571,0,113
2033,1,6,40,10.40740741,1,281
2034,1,8,23,19.25,1,77
2035,1,8,5,18.6,1,186
2036,1,8,5,5,1,35
2037,1,9,15,15.55555556,1,140
2038,1,4,24,14.88888889,1,134
2039,1,7,15,11.36363636,0,125
2040,1,8,8,7.454545455,1,82
2041,1,8,20,17,0,238
2042,1,3,7,4.6,0,69
2043,0,2,20,9.666666667,1,87
2044,1,9,15,12.42857143,0,87
2045,0,5,13,9.090909091,1,100
2046,1,5,27,17.8,1,623
2047,1,8,9,10.16666667,1,61
2048,1,4,20,15,0,120
2049,1,0,5,8,1,48
2050,0,6,15,10.5,1,84
2051,1,1,19,12,1,72
2052,1,8,30,30,0,30
2053,1,8,5,7,0,49
2054,0,1,5,3.25,1,52
2055,1,8,18,16.45454546,1,181
2056,0,8,14,9.083333333,0,109
2057,1,1,5,7.676470588,0,261
2058,1,9,3,4.431034483,1,128.5
2059,1,9,9,6.916666667,1,83
2060,0,9,15,10.77777778,0,194
2061,1,7,14,12.42857143,1,174
2062,1,7,10,8.266666667,1,124
2063,1,0,6,3.733333333,0,168
2064,1,0,11,10.22222222,0,92
2065,1,1,20,14,0,70
2066,1,1,27,26.44444444,1,238
2067,1,9,17,14.6,1,73
2068,1,1,10,7.62962963,1,206
2069,1,8,36,30.75,1,123
2070,0,4,10,4.866666667,0,73
2071,1,8,5,5.285714286,0,37
2072,1,5,13,6.466666667,0,97
2073,0,6,14,10.125,0,162
2074,1,9,5,5.692307692,1,74
2075,0,5,10,7.083333333,0,85
2076,1,8,15,15,1,15
2077,0,6,10,8,1,72
2078,0,8,20,12.5,0,25
2079,0,8,20,11.66666667,1,35
2080,0,3,5,5.275,0,105.5
2081,0,8,10,7.666666667,1,46
2082,1,8,6,6.6875,0,214
2083,0,5,5,2.971428571,1,104
2084,0,5,7,5.913043478,0,136
2085,1,5,4,8.923076923,0,116
2086,1,8,6,6,0,36
2087,1,8,15,8.375,0,67
2088,1,4,9,6.590909091,1,145
2089,0,8,6,7.875,1,63
2090,0,8,15,11.66666667,1,35
2091,1,8,20,15,0,30
2092,1,8,5,5.181818182,0,57
2093,1,7,25,20.94444444,1,377
2094,1,8,10,6.25,1,25
2095,0,5,20,16.66666667,1,100
2096,0,6,6,8.923076923,1,116
2097,0,8,5,8.75,1,35
2098,1,8,25,16.5,0,66
2099,1,8,30,18.375,0,147
2100,0,1,15,10.53333333,0,158
2101,1,8,17,15.66666667,0,47
2102,0,8,9,5.533333333,1,83
2103,1,8,7,8.25,0,33
2104,0,2,11,4.277777778,1,77
2105,1,5,6,4.272727273,1,94
2106,1,8,5,5.166666667,1,31
2107,0,8,10,8.083333333,1,97
2108,1,8,8,7.5,1,75
2109,0,8,20,14.25,1,57
2110,0,7,10,6.5,1,247
2111,1,8,5,4.580645161,0,142
2112,1,8,10,10.25,0,41
2113,1,8,5,6.666666667,1,20
2114,0,8,15,10.66666667,0,64
2115,0,3,10,9.294117647,0,158
2116,1,4,10,11,0,66
2117,0,8,20,12.5,0,50
2118,1,8,8,6.818181818,1,150
2119,1,5,5,5.181818182,0,114
2120,1,0,10,8.076923077,0,105
2121,1,1,5,5.04,0,126
2122,1,8,10,6.666666667,1,20
2123,0,8,25,25,1,25
2124,1,8,2,4.875,0,39
2125,1,4,10,9.363636364,1,103
2126,1,2,13,11.08333333,1,133
2127,0,6,15,11.14285714,0,78
2128,1,7,10,9.2,0,92
2129,1,8,14,12.5,1,50
2130,1,5,14,8.2,1,123
2131,0,8,10,7.333333333,0,44
2132,1,8,7,7.166666667,0,129
2133,0,5,13,9.882352941,0,168
2134,1,8,3,3.181818182,1,70
2135,1,8,15,15,0,15
2136,1,4,16,10.35714286,1,145
2137,1,9,30,18.57142857,1,130
2138,1,6,15,11.57142857,1,81
2139,1,8,8,6.833333333,1,82
2140,1,8,15,10,0,20
2141,0,9,10,9.888888889,1,89
2142,1,9,20,13.5,0,81
2143,1,8,20,20,0,20
2144,1,8,6,5.96875,0,191
2145,0,8,25,25,0,25
2146,0,8,22,22.33333333,0,67
2147,1,8,11,7.166666667,1,86
2148,1,4,3,3.08,1,77
2149,1,8,6,9,1,54
2150,1,8,15,11.5,1,46
2151,1,8,3,3.703703704,1,100
2152,1,8,7,6.25,0,50
2153,1,0,18,9.333333333,0,84
2154,1,8,5,6.25,0,25
2155,1,8,10,6.066666667,1,91
2156,0,8,17,14,1,42
2157,1,5,24,18.85714286,0,132
2158,1,8,8,4,0,44
2159,1,7,10,9.918367347,1,486
2160,1,2,12,10.87096774,0,337
2161,0,8,0,8.571428571,1,60
2162,1,0,10,9.5625,0,153
2163,1,8,7,6.166666667,0,37
2164,1,8,25,25,0,25
2165,1,8,15,20,1,40
2166,1,6,25,16.83333333,0,505
2167,0,8,15,6.878787879,0,227
2168,1,8,100,53.85714286,1,377
2169,1,2,15,8.916666667,1,107
2170,0,3,15,9.310344828,1,270
2171,1,8,20,15.3,1,153
2172,1,8,10,7.6,1,38
2173,1,0,30,18.2,1,91
2174,1,8,15,15,1,30
2175,0,7,10,9.472222222,1,341
2176,1,8,20,13.75,0,55
2177,1,4,20,11.6,0,174
2178,1,5,5,3,1,123
2179,0,8,3,4.166666667,0,25
2180,0,8,25,25,0,25
2181,1,8,3,7.076923077,1,92
2182,1,8,20,12,1,60
2183,0,8,12,9.1875,1,147
2184,1,1,10,7.76,0,194
2185,1,6,10,10.31578947,1,196
2186,0,8,7,5.333333333,1,32
2187,1,8,3,3.421052632,0,65
2188,0,6,6,5.52631579,0,105
2189,1,4,10,6.260869565,0,144
2190,0,8,7,6.642857143,1,93
2191,0,7,20,13.5,1,54
2192,1,8,7,6.545454546,1,72
2193,1,6,11,8.214285714,1,115
2194,1,8,7,5.4,1,27
2195,1,8,7,5.625,1,45
2196,1,8,4,4.166666667,0,125
2197,1,4,21,13.66666667,0,246
2198,1,8,20,20,1,20
2199,1,2,5,4.606060606,1,152
2200,0,8,13,12,1,48
2201,1,8,8,5.5,1,55
2202,1,8,5,5.615384615,0,73
2203,1,2,10,8.307692308,1,108
2204,1,8,7,4.592105263,1,87.25
2205,1,8,10,10.33333333,0,62
2206,1,8,10,20,1,60
2207,1,8,5,3.857142857,1,27
2208,1,0,5,4.5,0,90
2209,1,0,6,4.243243243,1,157
2210,0,9,12,8.3,1,83
2211,1,7,20,11.33333333,0,68
2212,1,2,9,6.947368421,0,132
2213,0,7,10,8.333333333,1,100
2214,0,8,30,27.5,1,55
2215,1,0,25,21.34545455,1,1174
2216,1,8,5,4.75,1,76
2217,1,8,3,3.285714286,1,69
2218,0,8,15,11.91666667,0,143
2219,0,8,30,24,0,120
2220,1,2,5,4.37037037,0,236
2221,0,6,25,15,0,255
2222,0,8,15,10.08333333,0,121
2223,1,1,2,2.637931035,1,76.5
2224,0,8,15,7.294117647,0,124
2225,1,8,5,4.875,1,39
2226,1,3,9,11.52380952,0,242
2227,0,8,8,6.666666667,1,60
2228,1,3,10,8.777777778,1,158
2229,1,6,5,3.815789474,1,145
2230,1,9,15,10.44444444,0,94
2231,1,3,5,4.428571429,1,62
2232,1,8,14,12.8,0,128
2233,1,8,15,12.75,0,51
2234,0,8,3,3.21875,1,51.5
2235,0,7,9,7.548387097,1,234
2236,0,6,25,16.33333333,0,147
2237,1,8,6,6.666666667,0,40
2238,1,1,15,12.07142857,0,169
2239,0,8,10,4.5,1,27
2240,1,8,7,6.75,1,27
2241,1,8,10,3.857142857,1,108
2242,1,8,10,8.571428571,1,60
2243,1,9,10,10,1,190
2244,1,8,20,20,0,60
2245,1,8,15,11.66666667,0,35
2246,0,3,10,8.538461539,1,111
2247,1,8,10,8.7,0,87
2248,1,8,8,7.714285714,0,54
2249,0,8,15,15,1,15
2250,1,8,10,10,1,40
2251,0,7,20,9.764705882,1,166
2252,0,8,10,7.285714286,1,51
2253,1,8,12,13.66666667,1,82
2254,1,7,5,4.258064516,1,132
2255,0,2,3,3.173913044,1,73
2256,0,6,30,19.26666667,0,289
2257,1,8,25,25,0,25
2258,0,8,15,11.4,0,57
2259,1,0,3,3.14893617,1,148
2260,1,7,20,8.142857143,0,228
2261,1,8,8,7.375,0,59
2262,0,8,6,5.6,0,28
2263,1,8,25,25,1,25
2264,0,8,30,30,1,30
2265,0,8,20,16.42857143,1,115
2266,1,8,7,7.333333333,0,22
2267,0,8,12,6.7,0,67
2268,1,8,7,5.578947368,0,106
2269,0,8,7,5.5,1,33
2270,0,8,10,8.75,0,35
2271,0,8,10,18.33333333,1,55
2272,0,9,10,12.75,1,204
2273,1,8,10,7.625,0,61
2274,0,2,10,6.52173913,0,150
2275,1,1,3,2.709677419,1,84
2276,0,8,5,5.222222222,0,47
2277,0,8,7,5.636363636,0,62
2278,1,2,13,9.472222222,0,341
2279,0,8,12,11.4,1,57
2280,0,4,25,18.6,0,93
2281,0,0,12,9.0625,0,217.5
2282,1,5,6,5.935483871,1,184
2283,1,8,15,12.33333333,1,37
2284,0,3,10,6.5,0,91
2285,1,8,25,14.25,1,57
2286,0,8,10,15.33333333,1,46
2287,1,6,10,6.705882353,1,114
2288,0,8,5,4.4375,1,71
2289,1,8,10,9,1,45
2290,1,8,15,12.5,0,25
2291,1,9,15,8.111111111,1,73
2292,1,8,8,6.952380952,0,292
2293,0,8,13,9,0,45
2294,0,8,21,19,0,57
2295,1,8,4,3.470588235,0,59
2296,1,8,20,20.5,0,82
2297,1,8,10,7.5,1,30
2298,0,7,5,8.7,0,87
2299,1,3,10,10.86666667,1,163
2300,0,8,15,15,0,15
2301,1,8,5,5.3125,0,85
2302,0,8,10,6.333333333,1,76
2303,0,8,20,15,0,30
2304,1,3,25,12.2631579,1,233
2305,0,8,12,12.66666667,0,38
2306,1,1,14,13.77777778,0,124
2307,1,5,5,4.375,0,140
2308,1,9,10,7.25,1,87
2309,0,8,22,21,1,42
2310,0,3,18,14,0,70
2311,1,3,5,2.625,1,42
2312,0,8,5,8.75,1,70
2313,1,8,20,20,0,20
2314,1,3,8,7.05,1,141
2315,1,8,10,6.111111111,0,110
2316,0,3,30,19.54545455,0,215
2317,1,4,3,6.928571429,1,97
2318,1,8,15,16,1,64
2319,1,8,10,8.428571429,0,59
2320,0,8,25,25,1,25
2321,0,8,11,8.75,0,70
2322,0,8,24,12.77777778,0,115
2323,1,6,15,8.285714286,0,58
2324,1,7,20,7.916666667,0,95
2325,0,3,14,10.28571429,1,144
2326,0,8,11,6,0,78
2327,1,4,12,6.923076923,1,90
2328,0,8,10,10,1,80
2329,1,8,20,7.428571429,0,52
2330,0,8,10,9.2,0,92
2331,0,2,13,9.555555556,0,86
2332,1,0,7,9.423076923,0,245
2333,1,8,15,16,1,80
2334,1,7,15,9.142857143,0,128
2335,1,8,40,14.30769231,0,186
2336,1,3,11,9.95890411,0,727
2337,1,8,15,7.833333333,0,47
2338,1,8,12,9.5,1,38
2339,1,8,5,5,1,260
2340,1,2,20,13.55555556,0,122
2341,1,8,5,5.5,0,88
2342,1,6,22,16.65384615,1,433
2343,0,8,5,8.571428571,1,60
2344,0,8,14,13.46666667,1,404
2345,1,8,5,6,0,18
2346,1,8,5,4.363636364,1,48
2347,0,8,30,30,0,30
2348,1,8,20,20,1,60
2349,1,7,10,7.5,0,45
2350,0,8,3,3.916666667,1,47
2351,1,8,15,15,1,30
2352,0,9,10,9.6,1,144
2353,1,5,7,3.491935484,1,108.25
2354,1,3,8,6.892857143,1,193
2355,1,8,15,9.2,1,92
2356,1,8,15,9.666666667,1,29
2357,0,9,20,13.375,0,107
2358,1,8,9,5.235294118,1,89
2359,1,9,14,8.785714286,1,246
2360,0,8,13,10.6,1,53
2361,1,8,20,13.51111111,1,608
2362,0,7,20,12.28571429,0,86
2363,0,4,9,7.5625,1,242
2364,1,8,5,4.5,1,45
2365,0,8,25,25,1,25
2366,1,8,10,10,0,60
2367,1,8,6,11.72727273,0,129
2368,0,2,10,7.25,1,87
2369,0,3,10,9,1,90
2370,1,8,10,7.583333333,1,91
2371,1,8,5,5,0,55
2372,1,8,24,10.25,1,41
2373,0,8,17,19.25,0,77
2374,1,8,15,15,0,15
2375,1,1,10,7.275862069,0,211
2376,0,8,4,4,1,32
2377,0,8,8,7.666666667,1,46
2378,1,1,10,8.6,0,129
2379,1,5,5,2.842105263,0,54
2380,1,8,12,10.66666667,0,32
2381,1,4,5,3.860465116,0,166
2382,1,8,15,9.857142857,1,69
2383,1,8,20,11.28571429,1,79
2384,1,9,8,6.2,0,93
2385,0,8,12,8.571428571,1,60
2386,1,6,16,10.33333333,1,31
2387,0,8,7,8.111111111,1,73
2388,1,5,10,8.80952381,1,185
2389,0,4,10,7.611111111,1,137
2390,1,7,10,5.576923077,1,72.5
2391,0,9,5,6.5625,1,105
2392,1,8,3,4.347826087,1,100
2393,1,8,50,28.75,1,115
2394,1,2,10,9.692307692,0,126
2395,1,9,10,9.777777778,0,88
2396,1,4,25,10.88888889,1,98
2397,1,9,20,11.625,0,279
2398,1,9,20,13.375,1,107
2399,1,6,5,3.297619048,1,69.25
2400,1,8,3,5.166666667,1,62
2401,1,8,10,10.25,0,41
2402,1,4,20,14.41176471,1,245
2403,0,8,3,4.8,1,24
2404,1,0,24,17.875,1,286
2405,0,2,0,8.647058824,1,147
2406,1,8,6,4.714285714,1,33
2407,1,6,13,10,0,80
2408,1,6,3,4.848484849,1,160
2409,1,0,25,5,1,105
2410,1,5,13,10.2,0,102
2411,1,2,5,23.85294118,1,1622
2412,1,8,7,7,0,28
2413,1,8,12,11.33333333,0,34
2414,0,6,20,11.58333333,0,139
2415,1,8,4,5.272727273,0,58
2416,0,1,5,4.9375,1,79
2417,1,1,10,9,1,81
2418,0,2,3,3.37037037,0,91
2419,1,8,9,6.85,0,137
2420,0,8,5,4.571428571,0,32
2421,1,5,8,8.95,0,179
2422,0,8,10,7.555555556,1,68
2423,1,8,5,8.333333333,1,25
2424,0,8,50,33.33333333,1,100
2425,1,8,21,18,0,36
2426,1,8,8,6.857142857,0,48
2427,1,8,20,16.66666667,0,50
2428,1,8,5,5.9375,0,95
2429,1,8,5,6.157894737,1,117
2430,1,1,5,3,1,102
2431,1,7,5,5,1,175
2432,1,8,25,8.25,1,66
2433,0,8,25,25,1,25
2434,1,8,15,10,0,20
2435,0,8,19,16.6,1,83
2436,1,7,20,15.07692308,1,196
2437,0,8,15,10,1,60
2438,1,8,10,7.8,0,39
2439,1,8,15,11.5,1,23
2440,0,6,25,17.57142857,0,246
2441,0,5,3,4.5,1,117
2442,1,3,5,4.612244898,0,226
2443,0,8,6,6.636363636,1,73
2444,1,6,10,7.85,0,157
2445,0,5,25,17.22222222,0,155
2446,0,7,15,9,0,36
2447,1,8,10,12,0,36
2448,0,8,11,9.538461539,0,124
2449,0,9,8,7.933333333,1,119
2450,1,8,15,13.88888889,1,125
2451,0,8,6,4.5,0,27
2452,1,8,7,5.952380952,1,125
2453,1,8,20,13.875,1,111
2454,1,8,5,5.076923077,1,66
2455,0,6,15,9.6,1,96
2456,1,8,12,10.8,0,108
2457,1,4,21,11,1,55
2458,1,4,10,5.939393939,0,196
2459,0,8,20,15,1,30
2460,1,4,3,2.439814815,1,131.75
2461,1,8,15,10,0,20
2462,1,2,10,9.9375,0,159
2463,1,6,10,10,0,370
2464,1,0,5,5.55,0,111
2465,1,8,15,15,1,15
2466,1,8,6,5.8,1,29
2467,1,6,21,10.18181818,0,112
2468,1,8,25,22.5,0,45
2469,0,7,5,5.285714286,1,74
2470,0,8,20,12.75,0,51
2471,1,8,5,5,0,45
2472,0,9,24,14.57142857,0,102
2473,0,7,25,24.5,0,147
2474,0,9,30,16,0,160
2475,1,0,5,3.15,1,63
2476,1,3,15,9.5,1,76
2477,0,8,5,6.75,0,27
2478,0,6,4,5.6,0,84
2479,0,8,25,25,1,125
2480,1,8,15,13.33333333,1,40
2481,1,8,2,3.117647059,1,53
2482,0,1,25,23.33333333,0,70
2483,0,1,15,10.05555556,1,181
2484,0,8,21,18,1,36
2485,0,9,20,14.22222222,1,128
2486,0,8,15,9.4,1,47
2487,1,7,11,7.727272727,0,170
2488,1,8,15,15,1,15
2489,0,7,9,6.173913044,0,142
2490,1,5,15,7.476190476,0,157
2491,0,8,25,25,0,50
2492,0,8,16,13,1,26
2493,0,8,8,7,1,28
2494,0,4,5,4.619047619,1,97
2495,1,8,16,13,1,26
2496,1,5,15,14.10526316,0,268
2497,0,9,14,11.5,0,299
2498,1,7,6,4.5,0,126
2499,1,7,6,6.334166667,0,76.01
2500,0,3,25,13.6,0,68
2501,0,8,8,6.2,0,93
2502,1,4,12,9.25,1,74
2503,1,3,39,26.82926829,1,2200
2504,1,8,20,15,0,30
2505,0,6,100,31.81818182,1,350
2506,0,8,5,7.5,1,105
2507,1,9,12,11.66666667,0,105
2508,1,8,19,22.25,1,89
2509,1,8,30,9.428571429,0,66
2510,0,8,5,5,0,75
2511,1,8,20,18.71428571,0,131
2512,1,9,15,11.77777778,0,212
2513,1,8,15,11,0,55
2514,1,7,20,7.230769231,0,94
2515,1,8,6,4.444444444,1,80
2516,1,8,15,14.2,1,71
2517,1,7,27,20.25,0,81
2518,1,5,10,8.875,1,71
2519,0,5,3,2.583333333,1,100.75
2520,0,8,11,7.666666667,0,46
2521,0,4,13,10.90909091,0,120
2522,1,8,8,7,1,28
2523,1,2,24,14.1,1,282
2524,0,5,5,4,1,68
2525,0,8,12,9.695652174,1,223
2526,1,7,15,11.6,0,116
2527,1,8,25,19,0,95
2528,0,6,10,7.375,0,177
2529,0,8,17,13.77777778,1,124
2530,0,8,7,4.6875,1,75
2531,1,1,3,2.813953488,0,121
2532,0,8,15,10,0,20
2533,0,5,10,11.31818182,0,249
2534,0,8,20,20,0,20
2535,1,8,25,21.66666667,0,65
2536,1,4,15,12.2,1,61
2537,1,8,20,23,0,92
2538,0,8,15,8.875,0,71
2539,1,8,15,11,0,66
2540,0,9,15,7.362142857,0,103.07
2541,1,7,10,6.411764706,1,109
2542,1,8,20,12,0,36
2543,1,9,18,14.85714286,0,104
2544,1,8,6,3.210526316,1,61
2545,0,8,20,13,1,65
2546,0,1,11,8.666666667,0,104
2547,1,8,22,24,0,72
2548,0,4,7,5.916666667,1,71
2549,0,1,12,9.95,1,199
2550,1,8,6,4.9,1,49
2551,0,8,5,5,0,70
2552,1,8,10,13,1,130
2553,1,4,50,19.41025641,0,757
2554,0,6,25,12.5,0,175
2555,0,8,10,4.266666667,1,64
2556,0,8,15,11.66666667,1,35
2557,1,8,6,8.2,0,41
2558,1,1,7,6.111111111,1,55
2559,0,6,10,10.44444444,1,188
2560,1,7,10,8.8436,0,221.09
2561,1,4,15,9.5,1,57
2562,0,6,5,4.785714286,1,67
2563,0,1,3,3.357142857,1,94
2564,1,8,15,10,0,20
2565,1,3,20,10.6,1,265
2566,1,8,4,4.826086957,1,111
2567,1,8,10,8.076923077,0,105
2568,1,1,15,8.875,0,71
2569,1,8,10,5.875,0,47
2570,0,7,5,5,0,60
2571,1,8,10,8.25,1,33
2572,1,8,20,20,0,20
2573,1,2,16,12.28571429,0,86
2574,1,9,12,10.27272727,1,113
2575,0,8,7.5,10.125,0,40.5
2576,0,1,10,6.368421053,1,121
2577,0,8,20,13.5625,0,217
2578,0,8,35,30,1,90
2579,1,8,16,13,1,26
2580,1,8,35,35,0,35
2581,0,8,15,13,0,208
2582,0,8,10,13.11111111,1,118
2583,1,8,10,7.625,1,61
2584,1,5,6,4.95,1,99
2585,0,2,12,9.529411765,0,162
2586,1,8,10,9.166666667,1,110
2587,1,2,0,9.533333333,1,143
2588,1,8,6,5.25,1,84
2589,1,7,9,7.076923077,1,184
2590,1,8,5,5.714285714,0,40
2591,1,8,10,9.1875,0,147
2592,1,8,10,6,1,66
2593,1,8,5,3.6,0,54
2594,0,5,12,9.933333333,0,149
2595,1,1,5,5,1,55
2596,1,8,15,10,0,30
2597,0,4,17.5,8.359375,0,133.75
2598,0,0,5,3.852941177,0,131
2599,1,8,9,8.333333333,0,50
2600,0,8,17,15.66666667,0,47
2601,1,2,35,24.63636364,0,271
2602,1,8,7,6.6,0,33
2603,1,8,10,8.333333333,0,25
2604,1,8,16,13,1,26
2605,1,8,7,5.214285714,1,73
2606,0,8,20,20,1,20
2607,0,9,15,6.4,1,64
2608,1,0,5,4.714285714,0,99
2609,1,8,10,7,1,35
2610,0,8,8,6.5,1,26
2611,0,8,25,25,0,25
2612,1,3,5,4.608695652,1,106
2613,1,8,15,15,0,15
2614,0,2,10,13.30769231,1,173
2615,0,8,25,25,1,25
2616,1,8,9,8.25,1,66
2617,0,8,10,9,0,36
2618,1,0,11,8.857142857,1,62
2619,0,1,4,5.640625,0,180.5
2620,1,9,17,10.2,0,102
2621,1,8,10,7.555555556,0,68
2622,1,8,15,6.714285714,1,47
2623,1,8,4,4.142857143,1,29
2624,0,8,16,13,0,26
2625,1,8,20,12.5,1,25
2626,1,8,5,6.285714286,1,88
2627,1,8,10,6.6,1,33
2628,1,8,20,20,1,20
2629,0,8,7,6.2,0,31
2630,1,8,25,21.66666667,1,65
2631,1,3,16,10.5,1,273
2632,1,7,21,11.53333333,1,173
2633,1,8,8,7.836734694,1,384
2634,0,8,21,21,0,21
2635,0,7,16,11.53846154,1,150
2636,0,9,25,27,0,135
2637,1,8,6,6.666666667,1,60
2638,0,8,15,13.75,1,55
2639,0,8,16,15.33333333,0,46
2640,1,8,14,13.3,1,133
2641,1,8,17,15.5,0,62
2642,1,8,7,6.428571429,1,45
2643,0,8,13,8.076923077,0,105
2644,0,7,42,30.5,0,427
2645,1,4,15,12.44,0,311
2646,0,8,15,11.08333333,0,133
2647,0,8,10,8.75,1,35
2648,0,9,17,12.5,0,50
2649,0,8,10,8,0,32
2650,0,4,10,10.64285714,1,149
2651,1,0,10,6.891304348,0,158.5
2652,1,8,5,4.545454546,1,50
2653,1,3,20,20,0,40
2654,0,8,9,7.909090909,1,87
2655,1,6,22,11.5,1,161
2656,0,2,20,15.11111111,0,136
2657,1,8,11,8.833333333,1,53
2658,0,8,10,11.66666667,0,35
2659,0,9,5,5.357142857,1,75
2660,1,3,9,8.916666667,0,214
2661,1,8,35,26.66666667,0,80
2662,1,4,10,3.52631579,1,67
2663,1,7,15,12,0,84
2664,0,8,7,5.833333333,0,35
2665,1,8,15,14.5,0,116
2666,1,4,25,14.54545455,0,160
2667,1,7,15,11.42105263,0,217
2668,1,5,7,6.21875,1,199
2669,0,2,15,12.36363636,0,136
2670,1,2,5,2.35483871,0,73
2671,1,8,7,7.1,1,71
2672,1,8,9,7.25,0,29
2673,0,8,5,3.166666667,1,38
2674,0,8,8,6.818181818,0,75
2675,1,3,3,3.4,0,102
2676,1,8,5,5.333333333,0,48
2677,0,8,10,7.583333333,1,91
2678,1,8,30,18.33333333,0,55
2679,1,8,8,6.333333333,1,38
2680,0,7,10,6.444444444,1,116
2681,1,8,4,4.076923077,1,53
2682,0,9,20,16.75,0,67
2683,0,8,10,9.666666667,1,145
2684,0,8,15,15,1,15
2685,0,5,20,10.83333333,1,65
2686,0,8,7,5.583333333,1,67
2687,1,6,5,5.088235294,1,173
2688,1,8,5,6.227272727,0,137
2689,1,8,4,4.166666667,1,50
2690,0,8,11,6.75,1,27
2691,0,4,14,11.82352941,1,201
2692,0,8,20,17.5,1,35
2693,0,7,12,9.4,0,94
2694,1,8,10,7.125,1,57
2695,1,8,15,10,1,20
2696,1,4,5,4.6,0,161
2697,0,6,9,4.720588235,1,80.25
2698,0,8,25,25,1,50
2699,1,8,20,15,0,45
2700,0,1,25,20.6,0,206
2701,0,8,10,7.5,0,60
2702,1,8,8,6.111111111,0,55
2703,1,5,10,11,0,77
2704,1,8,20,12.33333333,1,111
2705,1,8,20,20,1,20
2706,1,5,8,3.589285714,1,201
2707,1,8,2,4,1,76
2708,1,1,10,6.111111111,0,110
2709,1,8,10,7.166666667,0,86
2710,0,8,4,3.6875,1,59
2711,1,5,4,3.5,1,49
2712,1,1,10,13.28571429,1,186
2713,1,6,12,7.25,1,87
2714,1,1,12,9.214285714,1,129
2715,1,8,20,20,0,20
2716,1,8,10,15,0,60
2717,1,9,125,63.75,0,510
2718,0,9,50,50,1,150
2719,1,8,0,5.818181818,1,64
2720,1,8,7,6.2,1,31
2721,1,7,5,7.9,1,158
2722,1,8,5,6.117647059,1,104
2723,0,7,25,14.7,1,147
2724,1,8,15,8.272727273,0,273
2725,1,8,10,6.071428571,1,85
2726,0,8,5,7.666666667,1,138
2727,0,8,3,6.6,1,33
2728,0,0,9,8.1875,0,131
2729,1,5,15,8.666666667,1,78
2730,1,8,8,6.571428571,0,46
2731,0,5,8,6.055555556,0,109
2732,1,3,7,10.21568628,0,521
2733,1,8,4,4.666666667,0,28
2734,1,8,8,7.8,1,39
2735,0,8,7,5.142857143,0,36
2736,1,8,20,20,0,20
2737,0,1,15,12.53846154,1,163
2738,0,4,10,12.2,1,122
2739,1,6,15,12.8,1,128
2740,0,8,7,5.333333333,1,80
2741,0,4,3,3.727272727,1,82
2742,1,8,15,10,0,20
2743,0,8,25,25,0,25
2744,1,8,10,6.666666667,1,40
2745,1,6,20,9,0,72
2746,1,8,11,9.4,0,47
2747,1,8,15,9.666666667,1,29
2748,0,8,10,8.5,0,51
2749,0,4,11,13.27586207,1,385
2750,1,8,15,12.5,0,25
2751,1,8,15,10,0,20
2752,1,8,11,10.2,1,51
2753,1,8,12,9.857142857,1,69
2754,1,8,8,7.5,1,150
2755,1,8,10,7,1,28
2756,1,8,3,4.714285714,1,33
2757,1,7,10,6.533333333,1,98
2758,0,8,8,7.2,1,36
2759,1,3,9,6.833333333,0,82
2760,1,5,7,4.368421053,0,83
2761,1,7,10,12.22222222,1,220
2762,1,8,13,5.821818182,1,64.04
2763,1,8,10,7.727272727,0,85
2764,1,8,16,12,1,36
2765,1,8,24,14.025,0,280.5
2766,1,4,10,7.684210526,0,146
2767,1,8,7,4.875,0,78
2768,1,0,3,3.4990625,0,223.94
2769,1,9,15,12.84210526,0,244
2770,1,8,10,7.8,0,78
2771,0,9,5,5.047619048,0,212
2772,0,8,20,12.54545455,0,138
2773,1,8,9,7.8,1,39
2774,1,3,15,11.44444444,1,206
2775,0,9,24,13.27272727,1,292
2776,1,5,25,17.08333333,0,205
2777,1,8,26,22.2,1,111
2778,1,8,5,2.75,0,66
2779,1,7,20,5.2,1,156
2780,1,8,10,8.75,0,35
2781,1,9,15,9,1,63
2782,1,5,10,8.217391304,1,189
2783,1,8,5,10.5,0,42
2784,1,8,10,7,0,56
2785,1,2,20,15,1,90
2786,1,6,10,8.4,1,210
2787,1,8,5,5.714285714,1,80
2788,0,2,15,11.66666667,0,105
2789,0,8,16,13,1,26
2790,1,0,12,10,0,110
2791,1,6,25,19,0,95
2792,1,6,2,2.555555556,0,92
2793,1,8,10,6.222222222,1,112
2794,1,8,10,7.5,0,45
2795,1,8,9,9,1,27
2796,1,8,10,8.6875,1,69.5
2797,1,8,16,13.65909091,1,601
2798,1,2,25,18.33333333,0,165
2799,1,8,5,4.272727273,0,47
2800,1,8,10,7.25,1,29
2801,1,0,5,4.5,1,90
2802,0,8,10,7.333333333,0,22
2803,0,8,15,4.444444444,0,40
2804,1,8,3,4.857142857,1,34
2805,1,3,7,5.133333333,1,77
2806,1,8,25,25,0,25
2807,1,8,14,10.25,0,41
2808,0,9,20,12.05882353,0,205
2809,1,8,5,8.25,0,33
2810,1,8,15,15,1,15
2811,1,8,10,7.75,0,31
2812,1,9,17,10.63636364,0,117
2813,0,7,14,8.055555556,0,145
2814,0,8,15,15,0,15
2815,0,8,20,15,0,30
2816,0,8,25,15.2,1,76
2817,1,2,60,33.75,0,405
2818,0,9,10,8.6,0,86
2819,1,8,11,10.18181818,1,112
2820,0,2,15,11,0,121
2821,1,8,10,5.875,1,47
2822,1,8,9,5.933333333,0,178
2823,0,8,12,10.5,1,42
2824,1,2,5,8.352941177,1,142
2825,0,8,10,8,1,160
2826,1,4,16,11.42857143,0,80
2827,0,8,8,7.388888889,1,133
2828,0,8,5,6.875,0,110
2829,0,8,15,7.875,1,63
2830,0,8,10,10,1,30
2831,1,8,50,50,0,50
2832,1,8,10,8.333333333,1,25
2833,0,6,12,11.33333333,1,374
2834,1,5,20,13.65217391,1,314
2835,1,8,14,9.6875,1,310
2836,1,1,10,9.303030303,1,307
2837,1,7,10,5.28358209,0,354
2838,1,8,7,5.428571429,1,38
2839,1,2,15,9.384615385,0,122
2840,1,8,5,7.555555556,1,68
2841,0,6,7,6.163265306,0,302
2842,0,6,6,5.517241379,0,160
2843,1,8,10,4.583333333,1,55
2844,1,6,15,13.64,0,341
2845,1,8,10,8.227272727,1,181
2846,1,8,5,7,0,21
2847,1,5,25,12.6,1,63
2848,0,8,5,6.714285714,1,94
2849,1,8,12,10.66666667,0,32
2850,0,8,15,11.5,0,46
2851,1,2,20,14.57142857,1,102
2852,1,8,5,7.5,1,30
2853,1,2,4,4.454545455,1,98
2854,0,8,15,15,0,30
2855,0,6,10,7.625,0,61
2856,1,8,10,6.923076923,1,90
2857,0,4,10,10.78947368,0,205
2858,0,6,8,6.055555556,1,109
2859,1,8,4,4.764705882,1,81
2860,0,8,12,8.111111111,1,73
2861,1,8,25,11,1,44
2862,1,7,30,21.09090909,1,232
2863,0,2,5,2.962962963,0,80
2864,0,8,25,21.63636364,0,238
2865,1,9,10,10.28571429,0,72
2866,1,4,11,9,1,216
2867,1,9,25,12.41666667,0,298
2868,1,8,6,4.777777778,0,43
2869,1,4,12,7.588235294,0,258
2870,1,8,12,8.307692308,0,108
2871,0,8,7,6.2,0,31
2872,0,0,21,12.33333333,0,185
2873,1,9,100,62.5,1,250
2874,0,8,10,7.272727273,1,80
2875,1,6,8,4.766666667,0,143
2876,0,9,8,5.5,0,44
2877,1,8,10,7.4,0,111
2878,0,0,10,6.909090909,1,76
2879,0,6,6,5.56097561,1,228
2880,0,4,10,6.578947368,1,125
2881,1,8,11,6.875,1,110
2882,0,8,15,15,0,60
2883,0,8,15,7.6,0,38
2884,1,8,15,15,0,15
2885,1,8,3,4.25,1,68
2886,1,5,5,3.777777778,1,68
2887,1,8,6,5.6,1,28
2888,1,8,20,14.75,1,177
2889,1,8,15,13.33333333,1,40
2890,0,8,25,15,1,30
2891,1,8,15,9.666666667,1,29
2892,0,3,6,3.888888889,0,70
2893,0,8,10,10.5,0,105
2894,1,8,20,15.3,0,306
2895,1,8,5,7.666666667,0,207
2896,0,7,15,9.3,0,93
2897,1,3,20,10.9,1,109
2898,0,8,15,11.66666667,1,35
2899,1,4,20,12.2,0,61
2900,1,8,6,10.28571429,0,72
2901,0,8,25,25.66666667,1,77
2902,1,5,15,11.90909091,0,131
2903,0,8,5,8,1,48
2904,0,7,4,4.066666667,1,61
2905,0,1,8,4.964285714,1,69.5
2906,0,8,6,15.5,0,62
2907,0,8,15,15,0,15
2908,0,2,5,6.588235294,1,112
2909,0,4,30,19.875,1,477
2910,1,6,21,12.9,1,129
2911,0,8,15,15,1,30
2912,0,8,50,50,0,100
2913,0,2,20,27.14285714,1,190
2914,0,9,10,5.375,1,43
2915,1,8,12,8.285714286,0,58
2916,0,4,13,9.833333333,0,118
2917,1,8,10,10,0,30
2918,1,8,14,11.25,0,45
2919,1,2,20,17.77777778,0,160
2920,0,8,15,15,1,15
2921,1,3,25,21.06666667,1,316
2922,0,4,15,14.22222222,1,128
2923,0,8,14,12.4,0,62
2924,1,8,15,13.8,1,69
2925,1,8,15,9.961538462,1,259
2926,0,8,5,5.142857143,0,36
2927,0,8,10,6,0,30
2928,1,8,45,38.4,0,192
2929,1,3,13,10,1,110
2930,0,6,15,9.333333333,0,56
2931,0,4,3,3.578947368,1,68
2932,1,8,10,6.285714286,1,44
2933,1,9,6,5.466666667,1,82
2934,0,6,15,9.642857143,1,135
2935,1,8,5,4.833333333,0,29
2936,0,6,20,9.555555556,0,86
2937,1,8,15,11.66666667,0,35
2938,1,4,50,17.52941177,1,298
2939,1,5,6,5.631578947,0,107
2940,1,8,11,7.6,0,152
2941,1,6,10,10.85714286,0,76
2942,1,8,12,10.66666667,1,32
2943,0,1,12,9.666666667,0,87
2944,1,8,8,5.571428571,1,39
2945,0,8,9,7.75,0,31
2946,1,2,10,6.6,0,66
2947,1,8,15,9,1,54
2948,0,6,15,10.44444444,0,188
2949,1,8,15,8,0,64
2950,0,8,7,5.833333333,0,35
2951,1,8,10,8.25,0,33
2952,1,8,8,4.666666667,1,56
2953,0,9,23,11.75,0,94
2954,1,6,8,7.076923077,0,92
2955,1,8,20,15,1,30
2956,1,1,15,14.27272727,0,157
2957,0,8,9,8,1,24
2958,0,8,10,12.75,0,102
2959,1,7,10,5.357142857,0,75
2960,1,8,30,20.25,1,162
2961,1,9,15,13.4,1,201
2962,0,8,7,4.846153846,0,63
2963,0,8,7,7,0,28
2964,1,8,5,6.428571429,1,45
2965,1,3,5,5,1,175
2966,1,2,7,4.772727273,0,105
2967,0,8,50,8.75,0,105
2968,0,8,10,5.739130435,1,132
2969,0,2,5,4.909090909,1,108
2970,0,3,17,14.14285714,1,99
2971,1,8,10,7.5,1,30
2972,0,7,14,10.125,1,162
2973,1,2,15,11.8,1,59
2974,0,8,7,5.333333333,0,48
2975,0,1,9,2.674418605,1,115
2976,0,9,5,3.72,1,93
2977,1,6,15,10.81818182,1,238
2978,0,8,20,20,0,40
2979,1,9,20,15.33333333,1,92
2980,0,5,15,11.625,0,93
2981,1,8,15,17.5,0,35
2982,0,7,25,14.55555556,0,131
2983,0,6,10,8,1,56
2984,0,8,12,6.7,0,67
2985,1,4,15,5.944444444,1,107
2986,1,8,5,5,1,50
2987,1,8,7,4.833333333,1,58
2988,1,9,23,13.69230769,1,178
2989,1,8,6,6.4,0,32
2990,1,8,6,4.069767442,1,175
2991,0,8,5,4.75,0,57
2992,1,2,10,12.5,1,75
2993,1,8,5,4.875,0,39
2994,0,8,3,2.916666667,1,35
2995,0,5,10,8.708333333,0,104.5
2996,1,5,5,7.923076923,1,103
2997,0,8,25,15,0,45
2998,1,8,25,21,0,105
2999,1,2,5,3.5,0,56
3000,0,4,5,7.15,0,143
3001,1,6,9,7.894736842,1,150
3002,1,8,15,10,0,20
3003,0,8,15,15,1,30
3004,0,8,7,6.25,1,125
3005,0,8,3,5.142857143,1,72
3006,1,4,20,11.75,0,47
3007,1,6,10,11.66666667,0,140
3008,0,9,10,9.166666667,0,55
3009,1,8,8,7.5,1,45
3010,1,9,10,7.6,0,114
3011,1,8,20,13.33333333,0,40
3012,1,8,10,13.1875,1,211
3013,0,8,10,6.666666667,1,40
3014,0,7,50,31.92307692,0,415
3015,0,6,20,17.85714286,0,125
3016,1,0,25,12.45454546,0,137
3017,1,2,5,3.518518519,1,95
3018,0,8,25,22.5,0,45
3019,0,8,11,7.086666667,0,21.26
3020,1,7,15,12.6,0,126
3021,1,8,25,25,0,25
3022,1,3,17,12,1,48
3023,1,7,15,8.428571429,0,236
3024,0,9,15,10.625,1,85
3025,1,8,20,10.86363636,0,239
3026,1,3,12,3.666666667,0,33
3027,0,8,25,14.25,0,228
3028,1,2,3,3.823529412,1,130
3029,1,9,7,5.2,1,78
3030,1,8,50,32.22222222,1,290
3031,1,8,12,6.333333333,0,76
3032,1,6,25,10.44444444,0,94
3033,0,3,26,22.88235294,1,389
3034,1,9,11,10.85714286,0,152
3035,0,8,11,10.92307692,0,142
3036,1,5,12,11.1,0,111
3037,0,8,7,7.272727273,0,80
3038,0,0,20,19.23076923,1,250
3039,1,9,13,9.666666667,1,174
3040,1,2,5,4.416666667,1,265
3041,0,6,10,11.42857143,1,160
3042,0,8,5,3.166666667,0,38
3043,1,8,20,15,0,30
3044,0,8,15,10,0,30
3045,1,1,20,8.5,1,119
3046,1,8,5,5.571428571,0,39
3047,0,3,7,6.3,1,189
3048,0,7,15,11.75,0,47
3049,1,6,11,8.571428571,1,120
3050,1,8,4,3.761904762,1,79
3051,1,8,10,6.307692308,0,82
3052,1,1,12,7.75,1,93
3053,0,8,15,10,1,20
3054,1,8,10,7.6,1,76
3055,1,0,10,8.1,0,81
3056,1,8,25,25,0,75
3057,0,8,9,6.7,1,67
3058,1,5,6,5.555555556,1,200
3059,1,7,8,5.789473684,0,110
3060,1,0,5,5.057142857,1,177
3061,1,8,15,9.789473684,1,186
3062,1,9,15,11.55555556,0,104
3063,0,7,20,10.17647059,0,173
3064,0,7,10,11.25,1,135
3065,1,8,20,16.66666667,1,50
3066,1,0,10,8.307692308,0,216
3067,1,9,2,3.222222222,1,203
3068,1,5,6,5.571428571,1,78
3069,0,3,9,7,0,91
3070,1,8,10,4.833333333,1,29
3071,1,8,11,10.5,0,63
3072,1,6,25,22.69230769,1,295
3073,0,6,10,9.764705882,1,166
3074,1,8,35,18.6,0,93
3075,1,6,12,9.7,0,97
3076,0,3,3,4.578947368,0,87
3077,1,8,14,11.28571429,1,79
3078,1,7,15,11.25,1,135
3079,1,8,20,20,1,20
3080,1,5,17,11,1,55
3081,0,7,15,7.3,1,73
3082,1,7,10,8.375,0,134
3083,1,8,15,10,0,30
3084,1,8,36,18.71428571,0,131
3085,1,2,20,14.72727273,0,162
3086,1,8,25,25,0,25
3087,1,6,12,10.33333333,1,372
3088,0,8,5,5.636363636,1,62
3089,1,8,10,8.6,0,43
3090,0,8,12,11.33333333,1,34
3091,1,8,7,5.333333333,0,32
3092,1,7,50,44.72727273,1,492
3093,1,9,11,9.285714286,1,65
3094,1,5,10,8,0,80
3095,1,8,5,6.714285714,1,47
3096,1,3,14,10,0,100
3097,1,2,10,6.833333333,1,82
3098,1,9,10,16.66666667,0,300
3099,1,8,10,13.33333333,0,40
3100,0,9,20,12.33333333,0,74
3101,0,8,10,9,1,36
3102,1,7,15,10.66666667,1,64
3103,1,8,20,12.09090909,1,133
3104,0,4,14,10.83333333,0,65
3105,1,8,15,7.7,0,77
3106,0,8,10,8.714285714,0,61
3107,1,6,7,5.84375,0,187
3108,1,0,7,6.636363636,0,146
3109,0,8,20,12.5,0,25
3110,0,9,5,3.653846154,0,95
3111,0,8,10,13.88888889,0,125
3112,1,9,4,6.8,0,136
3113,1,8,7,6.857142857,1,48
3114,1,8,9,6.9,0,69
3115,1,8,20,7.75,0,31
3116,0,8,4,7.5,0,30
3117,0,8,30,26.5,1,53
3118,0,7,20,11.15789474,0,212
3119,1,8,20,20,0,60
3120,1,4,9,9.25,0,111
